window,ticker,strategy,is_bps,vwap_slip_bps,eff_spread_bps,markout_60s_bps
open,AAL,twap,-17.650990099008876,3.6394617942723326,4.002415948758235,3.3587114618413727
open,AAL,ac_ra,-0.37022630834128,20.88349888418663,4.86204296130812,2.8300484227787615
open,AAL,vwap_following,-16.350777934936684,4.93691062544766,4.533968797434235,-4.749924538895361
open,AAL,pov_5pct_cap,-16.350777934936684,4.93691062544766,4.533968797434235,-4.749924538895361
open,AAL,toth,-16.350777934936684,4.93691062544766,4.533968797434235,-4.749924538895361
open,AAL,rl_v4,0.26626591229405416,21.51863837182924,5.276605483870014,0.6224282378831062
open,AAPL,twap,-5.325512269162164,-1.3539287438272347,0.9538970378779789,0.5849026740198154
open,AAPL,ac_ra,0.8707310903092885,4.839855035691995,1.33139363502882,0.09892072472589651
open,AAPL,vwap_following,-2.991209208195431,0.9794477226405288,1.3457553619173057,1.6408637693630361
open,AAPL,pov_5pct_cap,-2.991209208195431,0.9794477226405288,1.3457553619173057,1.6408637693630361
open,AAPL,toth,-2.991209208195431,0.9794477226405288,1.3457553619173057,1.6408637693630361
open,AAPL,rl_v4,2.046705034151591,6.015362180254668,1.4459122408760225,0.23614357699130464
open,ADBE,twap,18.220819465166045,20.131234614001823,6.599556981241352,3.5105418582961847
open,ADBE,ac_ra,24.351974061745956,26.26121576741,8.664087550901373,4.372877821110625
open,ADBE,vwap_following,20.70839550097341,22.61833455202574,6.572774996441732,7.323870562795792
open,ADBE,pov_5pct_cap,20.70839550097341,22.61833455202574,6.572774996441732,7.323870562795792
open,ADBE,toth,20.7090267416483,22.618965671887324,6.573005046534585,7.324402612082106
open,ADBE,rl_v4,25.80701251004588,27.71597573554687,10.693182652400818,5.7703331232088395
open,ADI,twap,-7.351380753138545,9.599964501913819,6.048697653709724,2.9589214539058313
open,ADI,ac_ra,-6.108619246870111,10.840620907785464,8.045830043648523,4.066579494098986
open,ADI,vwap_following,-6.7474476987454794,10.202874560578401,7.13816119461444,2.31640425388562
open,ADI,pov_5pct_cap,-6.742343096233636,10.207970516458754,7.139251282280898,2.317242054837153
open,ADI,toth,-6.747615062761793,10.2027074800582,7.13757533303192,2.3154829177176115
open,ADI,rl_v4,-4.68669456066797,12.260137011000417,9.003706921126302,5.621908819865385
open,ADP,twap,-11.854513334849575,13.59777269243888,5.002178839319332,2.8670107673738725
open,ADP,ac_ra,-6.75142466377889,18.68788821529754,8.647377485090047,5.4830848510551755
open,ADP,vwap_following,-12.274048324595263,13.179304250808052,7.372508595401695,8.075633289559129
open,ADP,pov_5pct_cap,-12.274048324595263,13.179304250808052,7.372508595401695,8.075633289559129
open,ADP,toth,-12.274048324595263,13.179304250808052,7.372508595401695,8.075633289559129
open,ADP,rl_v4,-4.5433667654396155,20.890332755879918,11.862011921010794,6.921667134981184
open,ADSK,twap,-39.032391094405384,-0.14132743484854382,7.606207135215869,4.61461897943089
open,ADSK,ac_ra,-18.245399733769776,20.565135427341907,10.10045156251262,4.176735326513147
open,ADSK,vwap_following,-24.822540651998356,14.013474256182935,8.872541620426231,9.499450306268606
open,ADSK,pov_5pct_cap,-24.822540651998356,14.013474256182935,8.872541620426231,9.499450306268606
open,ADSK,toth,-24.822540651998356,14.013474256182935,8.872541620426231,9.499450306268606
open,ADSK,rl_v4,-8.853705008746083,29.920446865292433,15.268036393063328,10.332472329186627
open,ALGN,twap,42.261244371241524,32.7700676139199,20.030538805314013,8.260959578877694
open,ALGN,ac_ra,5.470958246453673,-4.055285017143327,24.232716494544547,11.099063523959854
open,ALGN,vwap_following,29.99039826187286,20.487525599261485,20.243031185273352,8.9491685004457
open,ALGN,pov_5pct_cap,29.99039826187286,20.487525599261485,20.243031185273352,8.9491685004457
open,ALGN,toth,29.981707637584698,20.478826691541382,20.244102923037833,8.950853488303595
open,ALGN,rl_v4,-2.299546195226405,-11.833195882406056,23.71986365348361,9.300578746757537
open,ALXN,twap,1.7011871013469633,15.845881547089517,11.4131487796401,5.0569826687082315
open,ALXN,ac_ra,-5.272236002830693,8.8823238151012,16.936780081861976,6.673510673030202
open,ALXN,vwap_following,4.5601523742023735,18.700802212860033,16.319097959632693,7.06210977523975
open,ALXN,pov_5pct_cap,4.5601523742023735,18.700802212860033,16.319097959632693,7.06210977523975
open,ALXN,toth,4.5601523742023735,18.700802212860033,16.319097959632693,7.06210977523975
open,ALXN,rl_v4,-5.819011339480761,8.336322007049557,19.500520214163966,9.430195199963139
open,AMAT,twap,101.48460571787733,64.93944837441431,2.988122114627341,-0.0690049592945921
open,AMAT,ac_ra,90.69572730128434,54.11073759472558,4.226469381612715,-3.9498865842398847
open,AMAT,vwap_following,93.81432610744615,57.240850216800446,3.414284705906586,5.0165321204785345
open,AMAT,pov_5pct_cap,93.81432610744615,57.240850216800446,3.414284705906586,5.0165321204785345
open,AMAT,toth,93.80819981149877,57.23470130266838,3.4145991371497866,5.017166552828537
open,AMAT,rl_v4,92.70640904806277,56.12884274570925,5.887234332944637,-4.687780947897943
open,AMD,twap,-0.7405636888740398,-1.466093318774035,1.9915027899612443,2.027897988713338
open,AMD,ac_ra,22.333034558310302,21.60917886236451,1.996104372632536,0.7981242437509698
open,AMD,vwap_following,10.048401553627869,9.323654637158901,1.9936554365973345,5.785078819632306
open,AMD,pov_5pct_cap,10.048401553627869,9.323654637158901,1.9936554365973345,5.785078819632306
open,AMD,toth,10.057563987649315,9.332817735892855,1.9936572616399242,5.786273151142972
open,AMD,rl_v4,29.29170401354846,28.56835315230389,2.0030765573587064,0.5691019057226552
open,AMGN,twap,45.015570647672,40.9406086213846,8.35369964929882,4.246887533772876
open,AMGN,ac_ra,57.09317541825124,53.02315722499118,15.250787773481008,4.9465773281613235
open,AMGN,vwap_following,54.24233891005577,50.17115375861547,10.943664978062264,4.714648497575099
open,AMGN,pov_5pct_cap,54.24233891005577,50.17115375861547,10.943664978062264,4.714648497575099
open,AMGN,toth,54.23554745734696,50.16435952590111,10.941368608400893,4.715475716988147
open,AMGN,rl_v4,58.9673264866718,54.89807545628272,16.68009086741442,4.130143059901012
open,AMZN,twap,57.23229300950897,29.1395603034805,3.826702295486151,1.0712425989924765
open,AMZN,ac_ra,45.78286356956947,17.657781142580856,4.712068582305988,0.34779542294793925
open,AMZN,vwap_following,51.564225804911175,23.455478292781322,3.8943432039296746,1.1037896630037884
open,AMZN,pov_5pct_cap,51.564225804911175,23.455478292781322,3.8943432039296746,1.1037896630037884
open,AMZN,toth,51.55890482177435,23.450142275504966,3.894532820742415,1.1031555918419471
open,AMZN,rl_v4,53.74149464983787,25.638898888758842,5.038013977598049,-0.6533366741874784
open,ANSS,twap,0.47119598664891527,31.004880372366795,16.490971897143993,7.722977424707631
open,ANSS,ac_ra,12.712855038140882,43.209159367141915,20.425545452447388,5.76938660357936
open,ANSS,vwap_following,6.234833367527025,36.750918415501026,18.928875940165643,12.988331063155877
open,ANSS,pov_5pct_cap,6.2370712966930375,36.753149511122764,18.930219984723944,12.988725193416697
open,ANSS,toth,6.199175696091186,36.71536962520418,23.895736237357262,13.502635450252425
open,ANSS,rl_v4,20.182055537942013,50.655552571204964,22.82397369914092,9.695320380924775
open,ASML,twap,18.585969052800454,7.7715315900295225,5.012704833947833,2.13324468699697
open,ASML,ac_ra,13.473299316901533,2.6533224939803004,5.539600723921983,1.7965772328633562
open,ASML,vwap_following,15.782904249836175,4.965429785602146,4.985990902830055,3.179926942375387
open,ASML,pov_5pct_cap,15.77941396446505,4.961935718655307,4.985589780284474,3.179508580457448
open,ASML,toth,15.780377948043544,4.962900746668999,4.986156427607308,3.1801924474291416
open,ASML,rl_v4,15.407548988653186,4.589667842962421,5.447155560054322,1.6213200385768627
open,ATVI,twap,-39.75466402509394,-8.453365105463245,2.798015732692744,1.7590698609095463
open,ATVI,ac_ra,-25.460458973083647,5.796274396877316,3.984079868023654,1.896888398711766
open,ATVI,vwap_following,-29.05101535413779,2.2169124206998045,3.0688638314188905,1.1145192970335633
open,ATVI,pov_5pct_cap,-29.05101535413779,2.2169124206998045,3.0688638314188905,1.1145192970335633
open,ATVI,toth,-29.05101535413779,2.2169124206998045,3.0688638314188905,1.1145192970335633
open,ATVI,rl_v4,-21.136701337302885,10.10655170024532,4.319759069463576,6.411864290675233
open,AVGO,twap,73.38575297151083,46.53318282805932,6.525513429068847,1.892696927268955
open,AVGO,ac_ra,52.53615268611525,25.62718210841757,9.621449053102591,0.5054794057578651
open,AVGO,vwap_following,62.30465874264393,35.42211303525469,7.865082684317459,-5.957840116714817
open,AVGO,pov_5pct_cap,62.30465874264393,35.42211303525469,7.865082684317459,-5.957840116714817
open,AVGO,toth,62.315425902805906,35.43290932175484,7.863071808581332,-5.954330134917398
open,AVGO,rl_v4,53.48927337884701,26.582881096187283,12.283479748960218,2.832285310285682
open,BIDU,twap,77.96385926372145,11.966169267697792,6.169442497885147,2.8108181975567796
open,BIDU,ac_ra,87.5282570952743,21.59418591237851,9.029684283754564,4.04813377121782
open,BIDU,vwap_following,80.44963327782534,14.468477724980078,6.669031784649228,4.7916537026723205
open,BIDU,pov_5pct_cap,80.44963327782534,14.468477724980078,6.669031784649228,4.7916537026723205
open,BIDU,toth,80.4460900683851,14.46491094742994,6.668101940105464,4.788403514285897
open,BIDU,rl_v4,86.01566098572052,20.071528576710296,11.296539850484322,1.3498029606716764
open,BIIB,twap,15.788151370158818,9.67418792723197,10.353022430464666,5.245773949504356
open,BIIB,ac_ra,19.63260548064148,13.520996239753396,15.756497357084505,7.503900054377937
open,BIIB,vwap_following,18.951892127011178,12.83986604234791,13.232305389111648,6.3103864143847135
open,BIIB,pov_5pct_cap,18.951892127011178,12.83986604234791,13.232305389111648,6.3103864143847135
open,BIIB,toth,18.951892127011178,12.83986604234791,13.232305389111648,6.3103864143847135
open,BIIB,rl_v4,20.779921705095912,14.669015038387956,17.856595247506203,7.793844099842985
open,BKNG,twap,23.967431762538123,22.761241937711084,15.890965620292887,8.541168282903891
open,BKNG,ac_ra,20.590667629414558,19.38406952419044,21.946883091882828,13.218726658194006
open,BKNG,vwap_following,22.681506657817444,21.475161353368,15.442164630186351,8.699497165242388
open,BKNG,pov_5pct_cap,22.685532710461136,21.479187892796766,15.444597533384073,8.701968938408136
open,BKNG,toth,25.749854736325418,24.54388042206732,23.092895091978644,15.19533989348039
open,BKNG,rl_v4,15.593859783483104,14.386657520369655,24.275816497002236,12.001007429961009
open,BMRN,twap,-26.338765876137913,19.048777777292056,15.093157946375754,7.482824538631527
open,BMRN,ac_ra,-26.76419017646313,18.625279300984268,21.02899926603734,9.980148970842148
open,BMRN,vwap_following,-26.58435427672526,18.804301113951247,15.77750425792846,6.578291225191492
open,BMRN,pov_5pct_cap,-26.58435427672526,18.804301113951247,15.77750425792846,6.578291225191492
open,BMRN,toth,-26.58435427672526,18.804301113951247,15.77750425792846,6.578291225191492
open,BMRN,rl_v4,-23.374845453523548,21.99928103231335,25.175262619779904,12.861091208355322
open,CDNS,twap,63.97563133891658,47.172597522362686,7.173737643355476,2.579786507933737
open,CDNS,ac_ra,68.45293036552567,51.657468209845355,10.809672731756327,0.9764039963053491
open,CDNS,vwap_following,68.32645837587611,51.53078234057552,8.19242704230573,5.229394630402688
open,CDNS,pov_5pct_cap,68.32604996256288,51.530373236585355,8.192152712714185,5.229736973446556
open,CDNS,toth,68.32645837587611,51.53078234057552,8.19242704230573,5.229394630402688
open,CDNS,rl_v4,73.34272683956256,56.55553392844734,11.383654969778718,3.471158071637171
open,CDW,twap,227.54830686138598,67.43028320152011,15.42948181998817,2.934140170873855
open,CDW,ac_ra,161.4801549230753,0.27962891401392864,21.232611635575857,-2.11028531488966
open,CDW,vwap_following,187.89695483778848,27.129258371054952,18.871507998436062,-11.104378631565085
open,CDW,pov_5pct_cap,187.89318835944718,27.12543018035249,18.87904715325577,-11.104605162151735
open,CDW,toth,187.84237643463365,27.073785720855224,18.876591951988406,-11.118100036192583
open,CDW,rl_v4,152.24610027360362,-9.105722321746203,23.239451528022972,-3.271903019968752
open,CERN,twap,38.66200527703575,34.86869949017013,8.655954504051424,4.2328076773663845
open,CERN,ac_ra,41.97572559366675,38.183681680904776,13.483342753850328,4.908143051766323
open,CERN,vwap_following,45.75408970976118,41.963484608780725,12.005731216774393,7.526882145366867
open,CERN,pov_5pct_cap,45.75277044854892,41.962164845190046,12.006790911080358,7.5278767910327575
open,CERN,toth,45.75013192612252,41.95952531800681,12.004138867226484,7.525819521930811
open,CERN,rl_v4,43.43496042216441,39.64347219016763,13.723347378477516,7.393079906648251
open,CHKP,twap,51.72426343154088,27.03198693889965,9.69096688480553,3.8469165860465626
open,CHKP,ac_ra,27.037868284226075,2.284318530697696,12.29177992646881,4.75499207495377
open,CHKP,vwap_following,46.214124783363246,21.508171763189367,10.201547288208113,5.235726952854923
open,CHKP,pov_5pct_cap,46.214124783363246,21.508171763189367,10.201547288208113,5.235726952854923
open,CHKP,toth,46.214124783363246,21.508171763189367,10.201547288208113,5.235726952854923
open,CHKP,rl_v4,22.7528596187275,-2.011325808916032,15.005740392833289,5.58048340704198
open,CHTR,twap,105.80393921900001,63.327024927472294,12.802413582498506,4.558105437122138
open,CHTR,ac_ra,85.34150660939316,42.77674475644508,19.201886156306198,5.14276677561095
open,CHTR,vwap_following,100.52618807667236,58.026615796405835,13.956092232190164,7.459976555243545
open,CHTR,pov_5pct_cap,100.52104145670978,58.02144708141565,13.958106602416299,7.460375253171294
open,CHTR,toth,100.51663845484093,58.017025176956665,13.957853363202698,7.459205159258647
open,CHTR,rl_v4,88.22243965440815,45.67004597622446,18.280189856678813,4.017360552953413
open,CMCSA,twap,78.07738282478785,36.80893584701076,2.5009222298857856,1.4628139123555848
open,CMCSA,ac_ra,65.80476040683597,24.485267670381347,3.4053894409498078,1.5184146204626925
open,CMCSA,vwap_following,81.11334801300204,39.85752858466576,2.5777880182191786,5.7081782556369225
open,CMCSA,pov_5pct_cap,81.11334801300204,39.85752858466576,2.5777880182191786,5.7081782556369225
open,CMCSA,toth,81.11334801300204,39.85752858466576,2.5777880182191786,5.7081782556369225
open,CMCSA,rl_v4,58.264443745409324,16.91358842225209,4.677929713877331,-0.49106379171847553
open,COST,twap,-3.5602169981925376,-2.050584322950615,2.6646468113036974,1.7941214492181934
open,COST,ac_ra,2.8383034686863926,4.346970546145079,3.9580883140369814,2.217023370073055
open,COST,vwap_following,2.2305770179182023,3.739335807096295,3.195336438092415,2.564765139804101
open,COST,pov_5pct_cap,2.2305770179182023,3.739335807096295,3.195336438092415,2.564765139804101
open,COST,toth,2.2305770179182023,3.739335807096295,3.195336438092415,2.564765139804101
open,COST,rl_v4,5.492257109970108,7.000523680504404,6.74320471697199,3.348914399043197
open,CPRT,twap,143.59479209551117,58.83031787261164,8.901075982114497,1.5828072377033342
open,CPRT,ac_ra,106.94411280362267,21.86444500917662,12.716045589304276,-1.4855952541714568
open,CPRT,vwap_following,133.04477151090884,48.18956776451352,10.928325247671532,6.9912325393510315
open,CPRT,pov_5pct_cap,133.04250720460982,48.18728398532059,10.930203302037443,6.989142939843712
open,CPRT,toth,133.03437628653515,48.179083141854136,10.929457727451464,6.991068437957493
open,CPRT,rl_v4,104.80825442569358,19.710218381505268,15.623879555069653,4.299312544043206
open,CSCO,twap,0.37199391172092505,8.86422893188071,2.096785795750398,0.7118501533296205
open,CSCO,ac_ra,-17.580111618469736,-9.072630681244211,2.2656892682390173,1.4816176626914603
open,CSCO,vwap_following,-13.08736681887166,-4.5837013680522825,2.026584102207596,-0.5797231337590153
open,CSCO,pov_5pct_cap,-13.08736681887166,-4.5837013680522825,2.026584102207596,-0.5797231337590153
open,CSCO,toth,-13.08736681887166,-4.5837013680522825,2.026584102207596,-0.5797231337590153
open,CSCO,rl_v4,-21.76661593099992,-13.255579583661806,2.8077437692026788,1.7368830650149
open,CSGP,twap,-42.033325081995606,43.93860387213731,39.645250952679184,18.08678127523213
open,CSGP,ac_ra,-57.800343461850154,28.30657020504862,50.725107420208374,18.57534217628776
open,CSGP,vwap_following,-52.29596509684913,33.7638244458396,34.49429896777749,12.735018460215052
open,CSGP,pov_5pct_cap,-52.30922396187785,33.75067909270289,34.49621340622007,12.733990754511318
open,CSGP,toth,-110.61020174515768,-24.051171934303238,55.25539820892999,26.87527971648975
open,CSGP,rl_v4,-29.93150875673567,55.93681403919694,69.35409222688234,36.42288574777938
open,CSX,twap,-119.34279085183769,-30.40013507169612,6.984263895057284,4.430493145239948
open,CSX,ac_ra,-77.67053364269161,10.905849217840462,11.164850756042545,2.5248291597452472
open,CSX,vwap_following,-103.66151806430112,-14.856690804900778,7.758972332824194,15.404178038890102
open,CSX,pov_5pct_cap,-103.66151806430112,-14.856690804900778,7.758972332824194,15.404178038890102
open,CSX,toth,-103.66151806430112,-14.856690804900778,7.758972332824194,15.404178038890102
open,CSX,rl_v4,-65.53649320517275,22.93323907496469,12.68667367429807,12.343340755523407
open,CTAS,twap,28.46315346734035,59.8492251763505,18.607067202191267,8.9986619021292
open,CTAS,ac_ra,49.82257583989522,81.14141735434603,24.92731987106772,7.58695634244711
open,CTAS,vwap_following,39.92043602460604,71.27044517902033,29.49314266595592,16.44057203303056
open,CTAS,pov_5pct_cap,39.92043602460604,71.27044517902033,29.49314266595592,16.44057203303056
open,CTAS,toth,43.94223725486746,75.27958752392082,39.66237891283705,18.8201051371401
open,CTAS,rl_v4,61.368044724062756,92.65054611162144,35.54765965854181,14.907974805146834
open,CTSH,twap,-56.91163239074485,-1.6411029010916207,3.171977254325364,2.5876804738745376
open,CTSH,ac_ra,-47.67384318766451,7.545917485553698,5.347683905841415,4.633982507533474
open,CTSH,vwap_following,-56.21674164524562,-0.9500311191912577,3.471157749708905,0.22266241024136396
open,CTSH,pov_5pct_cap,-56.21674164524562,-0.9500311191912577,3.471157749708905,0.22266241024136396
open,CTSH,toth,-56.21272493573392,-0.9460364846136545,3.4717978750392966,0.22298262639574096
open,CTSH,rl_v4,-43.51783419023324,11.679085990172855,9.434724518589844,8.02087504077907
open,CTXS,twap,-46.1620135727151,11.16493695588768,9.431304306637262,5.267930403375985
open,CTXS,ac_ra,-37.65097500214973,19.62740853276704,18.663946029265837,11.379747654965474
open,CTXS,vwap_following,-43.12979984537475,14.179847800186266,12.981522947034865,9.030610588832479
open,CTXS,pov_5pct_cap,-43.13014345846676,14.179506147871983,12.980924718906923,9.030611305709408
open,CTXS,toth,-43.13323597628998,14.176431277048282,12.977587462989474,9.026967797121037
open,CTXS,rl_v4,-36.29722532427578,20.9734332365955,20.772664568566935,12.78624416550803
open,DLTR,twap,-14.162622158780641,-2.0861995981646135,5.667173917676811,3.065835825174498
open,DLTR,ac_ra,-9.565389261011658,2.505489338598565,7.661872712779902,3.5069307497147806
open,DLTR,vwap_following,-16.3687273525869,-4.289644373967017,6.584304123704421,1.2772423040014824
open,DLTR,pov_5pct_cap,-16.3687273525869,-4.289644373967017,6.584304123704421,1.2772423040014824
open,DLTR,toth,-16.37081365982251,-4.29172816525309,6.583645833487579,1.2763651466706152
open,DLTR,rl_v4,-6.630613813551202,5.436725639576056,7.292721739174359,4.2638881800692
open,EA,twap,8.948001068474557,9.52471449058034,5.946559174220342,2.8680424197140577
open,EA,ac_ra,19.342445018251986,19.91855844194501,8.018388978177107,1.8273618548285344
open,EA,vwap_following,11.480633959573872,12.057201190529643,6.282622755883029,-2.0907670157046416
open,EA,pov_5pct_cap,11.480633959573872,12.057201190529643,6.282622755883029,-2.0907670157046416
open,EA,toth,11.478051820849622,12.054619200854168,6.2818203205476255,-2.0880937765438428
open,EA,rl_v4,25.31662363102586,25.892392207250122,8.145828371735593,4.78104360016976
open,EBAY,twap,-84.83894707048118,-28.51222516076709,2.900477354642263,3.191409238808886
open,EBAY,ac_ra,-60.397112935186684,-4.206905688872549,3.136052202629932,5.403887885828807
open,EBAY,vwap_following,-74.89499009340663,-18.623808039338183,3.371080302568247,6.89029548809586
open,EBAY,pov_5pct_cap,-74.89499009340663,-18.623808039338183,3.371080302568247,6.89029548809586
open,EBAY,toth,-74.90404755165666,-18.63281490908257,3.3707954875238184,6.888738460677334
open,EBAY,rl_v4,-54.07642230399271,2.0784820698284543,3.4048202218006796,8.190142584519728
open,EXC,twap,-3.988252883380074,17.039162780613673,2.7405234379172807,1.8525875229230908
open,EXC,ac_ra,-7.982699700980386,13.053111903857971,4.256835524246393,3.838872139932438
open,EXC,vwap_following,-3.9955147372930897,17.031916190415174,3.3857471019283403,0.6224899273095271
open,EXC,pov_5pct_cap,-3.9955147372930897,17.031916190415174,3.3857471019283403,0.6224899273095271
open,EXC,toth,-3.994019649722897,17.033408135455907,3.3851085106014516,0.6243016129513401
open,EXC,rl_v4,-10.358607432716425,10.682198100362513,6.41115964046625,3.892529905058411
open,EXPE,twap,14.346509446603,25.40022232218195,6.364097718582412,2.798105258670454
open,EXPE,ac_ra,-8.15900665505367,2.919618912853308,9.114592944676964,5.822405174208846
open,EXPE,vwap_following,5.28518468890784,16.34892808299404,7.409443371259417,-5.596006170180086
open,EXPE,pov_5pct_cap,5.283040778952394,16.346786546259843,7.409621532195441,-5.597036805209038
open,EXPE,toth,5.288847201751146,16.35258654158437,7.408643260182922,-5.593911112624084
open,EXPE,rl_v4,-12.802894278440105,-1.7191281155321139,11.747492645047815,5.783881839044112
open,FAST,twap,-147.78227917872633,-14.244719352213789,12.914898329214283,10.043434631697272
open,FAST,ac_ra,-124.9210417527911,8.31568053341099,18.66646240274995,16.252282142320496
open,FAST,vwap_following,-160.17142069725736,-26.4708286257464,16.898005474345094,-3.351427874035892
open,FAST,pov_5pct_cap,-160.17142069725736,-26.4708286257464,16.898005474345094,-3.351427874035892
open,FAST,toth,-160.17142069725736,-26.4708286257464,16.898005474345094,-3.351427874035892
open,FAST,rl_v4,-132.0217720821263,1.30839073867528,24.935785476134246,10.690829919714565
open,FB,twap,22.556203951964367,10.851263796886037,1.882779019735188,0.996351583243135
open,FB,ac_ra,28.80607439786034,17.108466216886956,2.7132270805047143,0.7398406347498808
open,FB,vwap_following,25.14368113917475,13.441776457535108,2.048294996426834,1.5872727750650855
open,FB,pov_5pct_cap,25.14368113917475,13.441776457535108,2.048294996426834,1.5872727750650855
open,FB,toth,25.14368113917475,13.441776457535108,2.048294996426834,1.5872727750650855
open,FB,rl_v4,31.046842259417097,19.35186281324364,2.7374821360783117,-0.9927869954551166
open,FISV,twap,49.44707832573605,40.91655331928402,5.678052028234848,2.342021881236445
open,FISV,ac_ra,46.083464566927184,37.55005596279897,8.762475656445707,1.920658611494857
open,FISV,vwap_following,45.97173642768555,37.43823203996689,8.824179315950193,3.116996050013591
open,FISV,pov_5pct_cap,45.973891421467314,37.44038888120663,8.822769835845762,3.1174951977410212
open,FISV,toth,45.97604641525143,37.44254572244873,8.821360355741332,3.117994345468451
open,FISV,rl_v4,44.29357646083832,35.75863340074892,9.141428968496175,-0.035475072374241634
open,FOX,twap,-73.55787550567742,-21.932224383492787,3.631528773354491,3.1184047012778207
open,FOX,ac_ra,-56.70938274826836,-5.170077921978216,5.601339275812521,5.273336776757918
open,FOX,vwap_following,-64.95550045674024,-13.373935368366814,4.407596895944022,4.811264774080324
open,FOX,pov_5pct_cap,-64.9641132715671,-13.382504043657367,4.407335790522431,4.810352824809669
open,FOX,toth,-64.95550045674024,-13.373935368366814,4.407596895944022,4.811264774080324
open,FOX,rl_v4,-51.37883335507887,0.13315311093943172,7.731461110038675,8.934975460904429
open,FOXA,twap,-95.25958099131391,-16.822470670866064,3.3784299070451813,3.0692575511067974
open,FOXA,ac_ra,-77.15687276443497,1.1395849941942429,5.121705200338838,5.7844041923524046
open,FOXA,vwap_following,-88.07869187531796,-9.69737488908519,3.91046781723121,5.629706765957859
open,FOXA,pov_5pct_cap,-88.07869187531796,-9.69737488908519,3.91046781723121,5.629706765957859
open,FOXA,toth,-88.07869187531796,-9.69737488908519,3.91046781723121,5.629706765957859
open,FOXA,rl_v4,-70.91083290752147,7.3370950125838235,7.286110106739057,10.265557841458905
open,GILD,twap,58.094562647750266,25.55314157798832,2.298639192461525,0.15016189090377474
open,GILD,ac_ra,47.45973207249732,14.883501528642547,3.3744261715871837,-0.23930754840793272
open,GILD,vwap_following,58.93238770685648,26.393708970362844,3.5230496935439493,-1.6423206644401023
open,GILD,pov_5pct_cap,58.93238770685648,26.393708970362844,3.5230496935439493,-1.6423206644401023
open,GILD,toth,58.93301812450883,26.394341451471373,3.5222567100660966,-1.6426382255946306
open,GILD,rl_v4,46.812450748628464,14.234101551136986,4.411662677260735,0.8831506794123749
open,GOOG,twap,-14.938158043217541,-4.379498567142981,3.791655222788818,2.4031200925304153
open,GOOG,ac_ra,2.817435430982736,13.357375344107309,4.130923120111453,2.20726247605274
open,GOOG,vwap_following,-4.808619917315502,5.739360077564715,3.644199881303826,6.302434519180618
open,GOOG,pov_5pct_cap,-4.808619917315502,5.739360077564715,3.644199881303826,6.302434519180618
open,GOOG,toth,-4.803743686719187,5.7442311671948465,3.643955915593062,6.30351767420539
open,GOOG,rl_v4,6.189119782243962,16.72550495879763,4.604542171081389,1.2710205084999115
open,GOOGL,twap,-8.421657157714627,-2.602633903659897,4.101950526251821,2.5075435101677215
open,GOOGL,ac_ra,9.26863139460347,15.077369290588454,4.435516274406954,2.101956666826206
open,GOOGL,vwap_following,3.5782744325417486,9.39032077421581,4.147599953657204,5.838602103731264
open,GOOGL,pov_5pct_cap,3.5782744325417486,9.39032077421581,4.147599953657204,5.838602103731264
open,GOOGL,toth,3.5782744325417486,9.39032077421581,4.147599953657204,5.838602103731264
open,GOOGL,rl_v4,12.3520776040195,18.159022745281526,4.523326816649069,1.2522609910742786
open,IDXX,twap,-13.313977934152554,56.06556605653057,26.132378367134283,11.602500602902836
open,IDXX,ac_ra,-30.979549995655372,38.52239396537348,43.57403049724983,20.208390780986125
open,IDXX,vwap_following,-24.685917817737415,44.77241926833363,27.64965953197023,13.26647403900183
open,IDXX,pov_5pct_cap,-24.684666840412568,44.773661577974984,27.647616350535106,13.266249625029895
open,IDXX,toth,-33.57935887412137,35.9405984593882,33.41389940702247,13.82726723362804
open,IDXX,rl_v4,-27.189331943356752,42.28635062202694,57.85885123016294,28.24850506419924
open,ILMN,twap,146.04575413270598,63.35164828578641,15.779883181654615,5.406765753554055
open,ILMN,ac_ra,116.41080849632338,33.46800702223966,25.154186039818377,4.315536413755653
open,ILMN,vwap_following,138.0267612741424,55.265360265535826,17.595246899613787,19.91496425477461
open,ILMN,pov_5pct_cap,138.0267612741424,55.265360265535826,17.595246899613787,19.91496425477461
open,ILMN,toth,138.02095025461506,55.25950048009668,17.597552131468966,19.92019275301868
open,ILMN,rl_v4,112.91098435613291,29.93881245666733,31.374581266177927,8.528931238108491
open,INCY,twap,34.72407190067026,18.682723208814732,16.568426166962656,7.493780082525679
open,INCY,ac_ra,33.929581814808714,17.886954212806444,30.1083843451958,14.494660684279475
open,INCY,vwap_following,40.416455618012314,24.38427009562209,22.984505174155895,16.695545412966066
open,INCY,pov_5pct_cap,40.416455618012314,24.38427009562209,22.984505174155895,16.695545412966066
open,INCY,toth,40.416455618012314,24.38427009562209,22.984505174155895,16.695545412966066
open,INCY,rl_v4,30.09290258816901,14.044098989662745,28.076326680322605,11.694491593356332
open,INTC,twap,65.28362938870319,38.717949872884844,1.7625506268485207,0.4072080183616763
open,INTC,ac_ra,48.93570177632857,22.326307494079362,1.9832538287927022,-0.13746330304509435
open,INTC,vwap_following,57.5086314736033,30.922161419319284,2.0236035016358374,-2.2367923351774532
open,INTC,pov_5pct_cap,57.5086314736033,30.922161419319284,2.0236035016358374,-2.2367923351774532
open,INTC,toth,57.49895755149577,30.91246162890261,2.0239360151180703,-2.2386297566585265
open,INTC,rl_v4,45.787507297147485,19.169694664291416,2.7229046358537174,-3.3366565446832577
open,INTU,twap,-78.22284759795404,12.908294600550205,6.569717275349386,3.4348828925078814
open,INTU,ac_ra,-67.62540397254283,23.409912091079086,10.18030228729783,3.444781806332857
open,INTU,vwap_following,-73.52594502342362,17.562725987165376,7.1062805275615535,7.280618278115462
open,INTU,pov_5pct_cap,-73.52946730092034,17.559235559447743,7.105305294903347,7.28085169213947
open,INTU,toth,-73.52293111587367,17.56571264181154,7.107146502939816,7.281089050291663
open,INTU,rl_v4,-51.830059188786635,39.06242933139533,22.094037735468017,15.815401274153025
open,ISRG,twap,24.25728483734731,35.79586623927258,12.656041632803957,6.213745372899287
open,ISRG,ac_ra,21.410214223072767,32.95208872877766,15.005470477985716,5.694228856398346
open,ISRG,vwap_following,26.074414331645432,37.610893925496214,14.591250086403793,6.5792711462583044
open,ISRG,pov_5pct_cap,26.08654111161954,37.623006678861785,14.59263851591712,6.579657558203089
open,ISRG,toth,25.120324048938738,36.65790720456994,14.677819398258176,6.608933649057492
open,ISRG,rl_v4,18.19431243997157,29.739906663151586,17.76353752120396,7.631618580567717
open,JD,twap,-73.19964797585529,-7.202777991395005,2.621311200902975,3.212153553683393
open,JD,ac_ra,-39.66029670606247,26.116832552266125,2.8359625374350523,3.186956856236653
open,JD,vwap_following,-53.16771435755702,12.697911834985574,2.5008813719897693,7.440443592366157
open,JD,pov_5pct_cap,-53.16771435755702,12.697911834985574,2.5008813719897693,7.440443592366157
open,JD,toth,-53.17651496102619,12.689168890681636,2.5008791942588995,7.439561173491001
open,JD,rl_v4,-33.64973598190703,32.08801371396789,4.3566071525375065,5.582013360193598
open,KHC,twap,69.4546597516943,28.28632778445584,3.4277535187751176,0.16374782624615916
open,KHC,ac_ra,43.23055162658988,1.9535043016496156,4.073186182680694,-1.0997911080068479
open,KHC,vwap_following,55.03693226465407,13.808829784209848,4.256703742727953,-3.840352243288834
open,KHC,pov_5pct_cap,55.03693226465407,13.808829784209848,4.256703742727953,-3.840352243288834
open,KHC,toth,55.03693226465407,13.808829784209848,4.256703742727953,-3.840352243288834
open,KHC,rl_v4,39.0425899732781,-2.251819076492205,5.006112707314907,-0.7650004760737332
open,KLAC,twap,55.71389019629456,30.34900410473493,10.630396697318634,4.485130200427743
open,KLAC,ac_ra,60.0815637199281,34.727818251253694,14.025752840444946,2.6358268369881586
open,KLAC,vwap_following,51.079155015368514,25.702447106874956,9.851728689171258,6.683875273006184
open,KLAC,pov_5pct_cap,51.087350148122326,25.710663142950178,9.852794358154673,6.682657952013161
open,KLAC,toth,51.079155015368514,25.702447106874956,9.851728689171258,6.683875273006184
open,KLAC,rl_v4,64.12170879592459,38.77826852347187,13.983284017684014,2.588283277269332
open,LBTYA,twap,-166.43727768556073,39.806941178508815,6.058773762066852,2.140368820452755
open,LBTYA,ac_ra,-194.91913682712598,11.902887086047858,9.083829187743147,3.408453637591005
open,LBTYA,vwap_following,-170.27934550628294,36.04281652065318,6.0045499482092595,2.2558500398994754
open,LBTYA,pov_5pct_cap,-170.27934550628294,36.04281652065318,6.0045499482092595,2.2558500398994754
open,LBTYA,toth,-170.27934550628294,36.04281652065318,6.0045499482092595,2.2558500398994754
open,LBTYA,rl_v4,-179.8363765710168,26.679666788461642,32.57608678396654,23.85812944940847
open,LBTYK,twap,-150.38736738218685,28.851791829634124,5.909913365780722,2.1494312646236255
open,LBTYK,ac_ra,-175.5603256846759,4.123346600164518,8.679261381875428,3.1219001638237116
open,LBTYK,vwap_following,-155.13594867998984,24.187062673474763,6.070063015442262,4.1568883803594945
open,LBTYK,pov_5pct_cap,-155.13594867998984,24.187062673474763,6.070063015442262,4.1568883803594945
open,LBTYK,toth,-155.12904021712274,24.193849144241373,6.069100589697044,4.158098339917751
open,LBTYK,rl_v4,-162.4811250925113,16.97159000493785,31.188000536001688,24.435618305553394
open,LRCX,twap,95.93191918862944,33.09538443725822,8.513773941357398,3.652925752509794
open,LRCX,ac_ra,104.86935712308788,42.08952610444289,13.056940577932885,0.05721524974956236
open,LRCX,vwap_following,97.89096000130053,35.06685441894353,10.160904132516041,12.03166853964415
open,LRCX,pov_5pct_cap,97.89096000130053,35.06685441894353,10.160904132516041,12.03166853964415
open,LRCX,toth,97.89376007293245,35.069672255679336,10.16238038851819,12.034211794115393
open,LRCX,rl_v4,106.46282579322079,43.693104564679125,14.986318601246747,1.593598285433403
open,LULU,twap,130.98457280091026,36.71498449275523,10.381894983299556,3.640741652865321
open,LULU,ac_ra,113.27097325680988,18.832183294366647,13.548184966791048,0.7478183782881557
open,LULU,vwap_following,129.27817804371557,34.99229012265197,12.596536606890748,4.481449120615715
open,LULU,pov_5pct_cap,129.27817804371557,34.99229012265197,12.596536606890748,4.481449120615715
open,LULU,toth,129.27817804371557,34.99229012265197,12.596536606890748,4.481449120615715
open,LULU,rl_v4,109.0866202629571,14.607861041475187,16.30964554296343,2.4052173452710948
open,MAR,twap,-146.5223915909007,-34.984712513377715,8.977155026337213,6.75562759904374
open,MAR,ac_ra,-114.72991516544671,-3.5417212509940894,16.43493101553323,14.700318091204275
open,MAR,vwap_following,-123.22824213336997,-11.946628658060748,15.663324307701487,11.627436089086572
open,MAR,pov_5pct_cap,-123.21749416973753,-11.93599884357066,15.66668924740518,11.630098640407999
open,MAR,toth,-123.21620982188145,-11.93472861416556,15.666690229250227,11.629966469741557
open,MAR,rl_v4,-114.31216412613503,-3.128562423630382,20.912077763945994,17.96600957338858
open,MCHP,twap,27.335500709739556,15.102007837369534,10.095990176867609,5.544273871899147
open,MCHP,ac_ra,44.194239662985744,31.98142744851175,15.972485924656132,5.654517773325454
open,MCHP,vwap_following,32.95480562296758,20.728205966207945,12.785030994028409,2.457569369936945
open,MCHP,pov_5pct_cap,32.95480562296758,20.728205966207945,12.785030994028409,2.457569369936945
open,MCHP,toth,32.95480562296758,20.728205966207945,12.785030994028409,2.457569369936945
open,MCHP,rl_v4,51.706488392329966,39.50289147245377,18.830978960343632,12.036663505335687
open,MDLZ,twap,-38.147165697673934,-13.013723436607382,2.1425000875136995,1.298835509891761
open,MDLZ,ac_ra,-41.773982558144134,-16.63145949853485,3.09765825609931,2.868035787329821
open,MDLZ,vwap_following,-39.47765261628108,-14.340879091426908,2.246562424232847,1.86905560420835
open,MDLZ,pov_5pct_cap,-39.47765261628108,-14.340879091426908,2.246562424232847,1.86905560420835
open,MDLZ,toth,-39.47728924418768,-14.340516629142002,2.2463816088290383,1.86977961885631
open,MDLZ,rl_v4,-42.48819040697516,-17.34387911877799,3.6339459703499117,4.352930192329779
open,MELI,twap,27.141915476919404,43.89125495829639,33.667985553305826,16.75338343889876
open,MELI,ac_ra,30.390945453999453,47.13482821418277,39.77721761908698,17.08626193011258
open,MELI,vwap_following,24.8597024763688,41.61287491716334,33.38893680086332,15.465650912024705
open,MELI,pov_5pct_cap,24.861859747418876,41.61502856509306,33.387229241632326,15.464170072002513
open,MELI,toth,24.858264295665908,41.61143915187403,33.3902470041305,15.465319498771112
open,MELI,rl_v4,26.93228565864252,43.681977211708684,41.50788157799956,17.57174370785122
open,MNST,twap,33.3561715092509,33.2184839350456,5.492514700356878,1.40912445961412
open,MNST,ac_ra,21.94798246266119,21.8101372861674,8.060379657671358,1.431518144679861
open,MNST,vwap_following,32.450769116442764,32.31306903424969,5.81984253379633,4.2527962062624125
open,MNST,pov_5pct_cap,32.450769116442764,32.31306903424969,5.81984253379633,4.2527962062624125
open,MNST,toth,32.44720219959918,32.30950206812973,5.820586434714721,4.251827134018945
open,MNST,rl_v4,22.60176859626869,22.46393245172471,8.547671996332912,3.840767053809377
open,MSFT,twap,68.58738835618557,39.62165603835873,0.7818345455047525,-0.284681133778668
open,MSFT,ac_ra,55.86659497565519,26.86376148095259,1.1155212131208518,-2.8946582602738142
open,MSFT,vwap_following,62.23431012336473,33.25004856194668,0.8728726748416529,0.5175121833028152
open,MSFT,pov_5pct_cap,62.23431012336473,33.25004856194668,0.8728726748416529,0.5175121833028152
open,MSFT,toth,62.23066583026869,33.24639363998821,0.8729324121518559,0.5167307954715037
open,MSFT,rl_v4,50.96018161723241,21.943038188833764,1.2723030533405109,-3.750898913588186
open,MU,twap,85.56649142463182,25.670123258399112,1.9415794116075749,0.19692877998854272
open,MU,ac_ra,68.61501335861732,8.616235713282691,2.036314340701176,-2.624201660379465
open,MU,vwap_following,80.7187796259569,20.793124831254097,1.8534118511163942,2.077464434288633
open,MU,pov_5pct_cap,80.7187796259569,20.793124831254097,1.8534118511163942,2.077464434288633
open,MU,toth,80.71809014909921,20.79243118903893,1.853411730532174,2.0787662313024913
open,MU,rl_v4,64.16185469275614,4.136174044771654,2.019831686641855,-3.9431700306548016
open,MXIM,twap,38.03751710812466,33.731538048684584,6.812040910487495,1.835126879580419
open,MXIM,ac_ra,17.45254005313622,13.137663301068814,9.682916434878955,1.1983554323401664
open,MXIM,vwap_following,31.201191530471803,26.892257523667553,6.613401752666291,-1.982879798786919
open,MXIM,pov_5pct_cap,31.201191530471803,26.892257523667553,6.613401752666291,-1.982879798786919
open,MXIM,toth,31.18959826101061,26.88065924310783,6.615006365042887,-1.9827094654988466
open,MXIM,rl_v4,18.70606231382808,14.39172738678906,10.783302464952232,4.774899626721438
open,NFLX,twap,19.842184861606032,11.747495540968451,5.413866777832568,2.735391277880318
open,NFLX,ac_ra,32.590030100575596,24.505680280437744,7.456667624322864,0.9898124401825015
open,NFLX,vwap_following,25.33420453711119,17.243969674392968,6.22079133378189,3.3011464632255785
open,NFLX,pov_5pct_cap,25.33420453711119,17.243969674392968,6.22079133378189,3.3011464632255785
open,NFLX,toth,25.33420453711119,17.243969674392968,6.22079133378189,3.3011464632255785
open,NFLX,rl_v4,37.78477351149369,29.704637034951276,8.224013302601595,1.9772624690238556
open,NTAP,twap,84.13964497041607,31.20713913245969,9.321224258967822,2.1593108432193207
open,NTAP,ac_ra,58.58698224852014,5.518072062350434,15.429917642760694,0.43217513624772735
open,NTAP,vwap_following,76.28386587771207,23.30942458909402,11.467091178112213,3.232705287048676
open,NTAP,pov_5pct_cap,76.28386587771207,23.30942458909402,11.467091178112213,3.232705287048676
open,NTAP,toth,76.29570019723796,23.321322082178742,11.464106844668335,3.232719462136437
open,NTAP,rl_v4,51.032426035506916,-2.076811623673809,18.5991711612917,2.2620601191132756
open,NTES,twap,73.945287107255,13.998416245567691,15.31875715766789,7.010300385878226
open,NTES,ac_ra,44.01086274733392,-16.1167924363552,21.550061508557924,7.495846727940382
open,NTES,vwap_following,63.86160688829397,3.853837200901877,17.540490243480047,5.203730022111978
open,NTES,pov_5pct_cap,63.86160688829397,3.853837200901877,17.540490243480047,5.203730022111978
open,NTES,toth,63.858869818099954,3.8510836005961266,17.54177202351454,5.201748158465221
open,NTES,rl_v4,43.12550607288109,-17.00749608538807,23.203336097422092,14.697445710486308
open,NVDA,twap,33.24940922017197,13.701393328900703,3.3160349451405144,1.6950444293377567
open,NVDA,ac_ra,29.13385669082955,9.577768872252369,5.13806677586836,2.077619896352119
open,NVDA,vwap_following,34.09556614731505,14.549209842978119,4.238971462858044,5.223316144003594
open,NVDA,pov_5pct_cap,34.09556614731505,14.549209842978119,4.238971462858044,5.223316144003594
open,NVDA,toth,34.09636720471106,14.55001247150633,4.237686806399306,5.220745443855416
open,NVDA,rl_v4,26.181279288658033,6.619400512491199,4.816703333760846,1.0503133887712883
open,NXPI,twap,37.417866152246894,24.901011900617483,10.324167697131958,4.152028530238844
open,NXPI,ac_ra,23.673690458522934,11.139568209334671,13.592219799088785,4.2770661497410645
open,NXPI,vwap_following,32.623905623980086,20.101028304795072,11.990626230145729,2.9352031356461024
open,NXPI,pov_5pct_cap,32.623905623980086,20.101028304795072,11.990626230145729,2.9352031356461024
open,NXPI,toth,32.623905623980086,20.101028304795072,11.990626230145729,2.9352031356461024
open,NXPI,rl_v4,22.871791066926225,10.336661322123451,13.965152660344884,5.156152639916549
open,ORLY,twap,85.71108647951995,49.54981327817437,16.900755363940558,7.632767909227032
open,ORLY,ac_ra,76.67478001221939,40.480547881620744,21.378986416509214,6.335456729659435
open,ORLY,vwap_following,78.99986427488976,42.81411263219822,19.0422287250129,10.350843953766743
open,ORLY,pov_5pct_cap,78.99988689574032,42.81413533555583,19.04305214147918,10.351542854382718
open,ORLY,toth,70.00144773452334,33.78287536190007,21.455444276964812,13.313302723736808
open,ORLY,rl_v4,76.09690772954878,39.900567873658744,22.642273496417904,6.042127099178668
open,PAYX,twap,-110.62393751435664,16.402819990926726,5.41617964677057,2.3506488005608857
open,PAYX,ac_ra,-113.08350562830053,13.974153131377086,7.470342024713095,2.2734864840463325
open,PAYX,vwap_following,-112.20480128646916,14.841817703156831,6.654894002816444,4.350407017342071
open,PAYX,pov_5pct_cap,-112.202963473468,14.84363242644286,6.6539861128951445,4.351657741415678
open,PAYX,toth,-112.20480128646916,14.841817703156831,6.654894002816444,4.350407017342071
open,PAYX,rl_v4,-93.24890879853288,33.55955421048868,22.696661574729116,17.66565918766075
open,PCAR,twap,-89.54629156010309,-8.5972073287032,9.199186621475365,5.620476387726658
open,PCAR,ac_ra,-66.80076726342807,13.965828151431172,14.79154790294049,8.281540039038385
open,PCAR,vwap_following,-71.54782608696068,9.2568552886993,10.897526987053075,12.4296671658127
open,PCAR,pov_5pct_cap,-71.55102301790618,9.253684006938117,10.897901172162808,12.427821110246795
open,PCAR,toth,-71.53861892583498,9.265988580174177,10.899058164334228,12.431396427792306
open,PCAR,rl_v4,-55.71419437340419,24.96345274816432,22.761945590833413,15.647718766205344
open,PEP,twap,-29.032532228689544,-15.69192099442538,2.910652199258559,2.122199980239887
open,PEP,ac_ra,-22.306467164231663,-8.9748029364582,4.20674907244468,3.6198574581014724
open,PEP,vwap_following,-23.346355747598963,-10.013308260844827,3.4420312134678914,4.173925968552002
open,PEP,pov_5pct_cap,-23.346355747598963,-10.013308260844827,3.4420312134678914,4.173925968552002
open,PEP,toth,-23.346355747598963,-10.013308260844827,3.4420312134678914,4.173925968552002
open,PEP,rl_v4,-25.602756847474076,-12.266707897740808,4.096577141685563,3.9228079770871833
open,PYPL,twap,22.970483351236496,21.3173732857446,2.1122969615702876,0.9959664880862175
open,PYPL,ac_ra,39.17868958109135,37.528265079355414,2.7757074056116613,-1.3737465787700198
open,PYPL,vwap_following,32.21310418904443,30.561525548262964,2.949990371728248,0.9392327052242146
open,PYPL,pov_5pct_cap,32.21310418904443,30.561525548262964,2.949990371728248,0.9392327052242146
open,PYPL,toth,32.20889366272828,30.557314324297938,2.9496445197671255,0.9397948176265176
open,PYPL,rl_v4,43.990375939844796,42.340748694159714,3.1880973694640113,-0.48176035473901163
open,QCOM,twap,-131.21867930625868,-8.588711732895122,3.25909892799596,5.415565889309885
open,QCOM,ac_ra,-97.87482494883497,24.351543027278375,4.287295257268047,5.273285619074795
open,QCOM,vwap_following,-116.65668426155246,5.797022485087142,3.9350489453471518,1.22211159085313
open,QCOM,pov_5pct_cap,-116.65668426155246,5.797022485087142,3.9350489453471518,1.22211159085313
open,QCOM,toth,-116.65668426155246,5.797022485087142,3.9350489453471518,1.22211159085313
open,QCOM,rl_v4,-89.80534310028794,32.3233505161314,4.481261168788769,8.219991128112976
open,QQQ,twap,22.821091772504918,3.999418819229589,0.5313732199829926,0.16089714823480217
open,QQQ,ac_ra,22.21696570571075,3.394153085265339,0.5492501634125769,-0.890141384688853
open,QQQ,vwap_following,23.75682637815744,4.936918662418766,0.5268165813097929,1.0185594437910688
open,QQQ,pov_5pct_cap,23.75682637815744,4.936918662418766,0.5268165813097929,1.0185594437910688
open,QQQ,toth,23.75696077772575,4.937053315528154,0.526816587350614,1.0183126400010858
open,QQQ,rl_v4,21.091682906598237,2.266747471174802,0.5133717448520462,-1.6201721189701364
open,REGN,twap,159.22880184332047,20.5234817207406,17.60034876772823,8.495576023080694
open,REGN,ac_ra,167.21187916026616,28.61908022860862,24.78382554669868,9.653707795699756
open,REGN,vwap_following,164.92828981054893,26.303303768206337,19.530340444596998,10.764871381586442
open,REGN,pov_5pct_cap,164.92519201229038,26.300162306591492,19.530259225436247,10.764895395628756
open,REGN,toth,164.92414234511145,26.299097844390968,19.527167327681067,10.76273328457708
open,REGN,rl_v4,164.91372247823423,26.288531109860653,35.269772436955854,8.575989967856627
open,ROST,twap,25.669669669666238,15.094484096646857,6.88319918495389,2.857819416056621
open,ROST,ac_ra,18.287611555212806,7.704599227726128,11.420643906999478,3.0170530139176175
open,ROST,vwap_following,27.568836442075174,16.995664441936093,10.527306165144436,7.0953690487391174
open,ROST,pov_5pct_cap,27.568836442075174,16.995664441936093,10.527306165144436,7.0953690487391174
open,ROST,toth,27.568836442075174,16.995664441936093,10.527306165144436,7.0953690487391174
open,ROST,rl_v4,22.544685530606326,11.966186723907203,10.20864125341097,5.6231977956570525
open,SBUX,twap,-23.9750255665004,-11.145380062869533,1.5403041471069856,1.729567655780015
open,SBUX,ac_ra,-12.471930674413077,0.34299206411874644,2.076297370284247,2.3418460635750273
open,SBUX,vwap_following,-21.215243016308975,-8.389129747315142,1.7567365783146636,-1.7674391608011462
open,SBUX,pov_5pct_cap,-21.215243016308975,-8.389129747315142,1.7567365783146636,-1.7674391608011462
open,SBUX,toth,-21.218795414177748,-8.392677598484102,1.7566287118914996,-1.7664735271110907
open,SBUX,rl_v4,-10.826416922336218,1.9863997297322358,2.9553563288154945,1.8279228472985085
open,SGEN,twap,-139.07572540693698,43.76043507341549,20.01989177399747,9.296459930208965
open,SGEN,ac_ra,-146.60004718094063,36.37179806404284,36.08250684749283,12.794945629267291
open,SGEN,vwap_following,-135.61500353857156,47.158750356009314,23.526432706298387,10.644337694886591
open,SGEN,pov_5pct_cap,-135.61500353857156,47.158750356009314,23.526432706298387,10.644337694886591
open,SGEN,toth,-135.6215145081395,47.15235679760477,23.525681027464856,10.646187688267474
open,SGEN,rl_v4,-128.23222458127603,54.40839696526996,54.704618329210085,32.725696769054196
open,SIRI,twap,48.5155925156021,30.9874981200983,13.917921884147427,6.500140937543078
open,SIRI,ac_ra,40.374220374224514,22.831786134174937,13.906583530902367,4.526275652698677
open,SIRI,vwap_following,44.85100485100323,27.316455816585723,13.912810922938252,8.615351310437893
open,SIRI,pov_5pct_cap,44.85100485100323,27.316455816585723,13.912810922938252,8.615351310437893
open,SIRI,toth,44.84961884961827,27.31506737396063,13.912808993924978,8.61395952400612
open,SIRI,rl_v4,40.14414414414813,22.601304658236348,13.906263699988468,4.05675474952043
open,SNPS,twap,-36.82376569037755,15.208245047451442,12.018721889470406,5.808613998196368
open,SNPS,ac_ra,-26.91374058577673,25.06689547967658,15.909090290047288,5.882570743537615
open,SNPS,vwap_following,-36.80455230125715,15.227358832225649,11.242812151505689,6.2980218341202185
open,SNPS,pov_5pct_cap,-36.806493723850195,15.225427474183258,11.242274821897247,6.298830517056003
open,SNPS,toth,-36.80220920502115,15.229689781590155,11.241615722296958,6.300522614801365
open,SNPS,rl_v4,-12.966158995813693,38.94217125537032,19.51863515899299,10.398588447432413
open,SPLK,twap,200.89461227031998,67.35396834673347,14.551557168444148,3.55822197708322
open,SPLK,ac_ra,165.91460604173324,31.897260177368974,20.39544902418783,-2.8745572866518034
open,SPLK,vwap_following,177.72949236997746,43.87315789040078,16.470746688318698,8.494471188449836
open,SPLK,pov_5pct_cap,177.72949236997746,43.87315789040078,16.470746688318698,8.494471188449836
open,SPLK,toth,177.71485518530136,43.85832123250853,16.472174163266928,8.494286188347974
open,SPLK,rl_v4,163.74412955465144,29.697204783209692,29.586296483470708,5.046780366683642
open,SWKS,twap,13.788921188627898,17.446263208579055,9.15045441230621,5.184999964394077
open,SWKS,ac_ra,19.61700581395445,23.272213360817886,12.11592538050892,4.808498511083661
open,SWKS,vwap_following,18.1231427648586,21.77889742293953,11.649568934540149,5.004658574162183
open,SWKS,pov_5pct_cap,18.1231427648586,21.77889742293953,11.649568934540149,5.004658574162183
open,SWKS,toth,18.11765180878749,21.77340847787181,11.648593816922764,5.004536904844674
open,SWKS,rl_v4,20.408995478036534,24.063912967233957,12.24246488584778,4.084395280140043
open,TCOM,twap,72.58033635188009,11.613288734430649,4.824472807335653,2.3135297914457205
open,TCOM,ac_ra,88.9156532988345,28.04892540996446,7.778511007850011,0.8768960511069577
open,TCOM,vwap_following,83.81630012936517,22.918255693191366,5.036043236749795,6.820465222803717
open,TCOM,pov_5pct_cap,83.81630012936517,22.918255693191366,5.036043236749795,6.820465222803717
open,TCOM,toth,83.81630012936517,22.918255693191366,5.036043236749795,6.820465222803717
open,TCOM,rl_v4,90.81164294953894,29.956558860894255,11.0579941425802,-0.4957441989796093
open,TMUS,twap,-7.73926342836206,9.273713047123465,2.893907787853534,1.266113138803721
open,TMUS,ac_ra,-19.908112076346296,-2.8744487773602336,4.417523621601008,2.3355742663540484
open,TMUS,vwap_following,-16.08063134712057,0.94652530357134,2.7869739042497406,-2.927842899516601
open,TMUS,pov_5pct_cap,-16.08063134712057,0.94652530357134,2.7869739042497406,-2.927842899516601
open,TMUS,toth,-16.072555976998963,0.9545869457092045,2.7869768597403763,-2.926499957814869
open,TMUS,rl_v4,-22.441331212525782,-5.403361486639835,5.953181994781706,2.257406570533534
open,TSLA,twap,-73.86821606184444,-0.31091635907005966,5.961147227243282,3.516794558195832
open,TSLA,ac_ra,-70.01290068442687,3.516248303787513,7.344536836209281,4.816612443596739
open,TSLA,vwap_following,-62.86653207937364,10.61043560509584,7.8974941441496185,9.86076324299773
open,TSLA,pov_5pct_cap,-62.86653207937364,10.61043560509584,7.8974941441496185,9.86076324299773
open,TSLA,toth,-62.86653207937364,10.61043560509584,7.8974941441496185,9.86076324299773
open,TSLA,rl_v4,-65.00487468610734,8.487706733286725,8.318976100841128,8.663625560865423
open,TTWO,twap,31.00561359737582,24.321688092191017,9.987104087300942,4.810399761431901
open,TTWO,ac_ra,32.45025728987107,25.767300376948224,15.29955122740042,6.230612652836503
open,TTWO,vwap_following,34.25385934819908,27.572111698852037,9.482536136196586,6.866558210463366
open,TTWO,pov_5pct_cap,34.25378138156678,27.57203367994534,9.482224013413305,6.866872266563191
open,TTWO,toth,34.25066271635672,27.568912923759484,9.481204751958884,6.865538319875262
open,TTWO,rl_v4,35.48518634024444,28.804264260415078,15.45676770652033,7.255738132557387
open,TXN,twap,-53.45619613101074,-19.83042674553357,3.1150833258503297,2.4511511876814054
open,TXN,ac_ra,-42.61620379237122,-9.026690901716165,4.856486381744664,4.342280314282189
open,TXN,vwap_following,-45.33016663474124,-11.731576359465608,4.662087648125459,3.179149765352807
open,TXN,pov_5pct_cap,-45.33016663474124,-11.731576359465608,4.662087648125459,3.179149765352807
open,TXN,toth,-45.33529975100695,-11.736692307010394,4.661475185914368,3.178691634185339
open,TXN,rl_v4,-42.37264891784441,-8.783950644559107,6.431668046652561,5.4840193809880615
open,UAL,twap,43.6541118787605,25.34115219416705,5.000337986251743,2.473542152514621
open,UAL,ac_ra,42.81568977044878,24.501187954792314,6.952375438584082,1.4456129130565396
open,UAL,vwap_following,43.123356362825916,24.80942044614141,4.622786429643371,0.8010043095465451
open,UAL,pov_5pct_cap,43.123356362825916,24.80942044614141,4.622786429643371,0.8010043095465451
open,UAL,toth,43.123802094941375,24.809866998103256,4.622786628986344,0.8011719134501524
open,UAL,rl_v4,42.51047470469952,24.195411499226253,7.385258940469466,0.09905196848975807
open,ULTA,twap,47.90874675512001,25.75761423171963,13.62506775617675,5.440681274429305
open,ULTA,ac_ra,35.64547880011444,13.467050981008974,18.79766178822329,6.112262488855943
open,ULTA,vwap_following,50.3305451398918,28.18480299883428,15.697714011070826,9.681793871381144
open,ULTA,pov_5pct_cap,50.3305451398918,28.18480299883428,15.697714011070826,9.681793871381144
open,ULTA,toth,50.3305451398918,28.18480299883428,15.697714011070826,9.681793871381144
open,ULTA,rl_v4,34.12885780213011,11.947054323390983,18.065853578912996,7.922949061300328
open,VRSK,twap,-46.40835339356622,10.563435017694664,11.135218149748537,6.294533783680241
open,VRSK,ac_ra,-28.501953918783567,28.368289784537957,16.260374702231058,8.401138277273672
open,VRSK,vwap_following,-38.98621314908815,17.943485334240993,14.649873175588832,7.655476797399374
open,VRSK,pov_5pct_cap,-38.98621314908815,17.943485334240993,14.649873175588832,7.655476797399374
open,VRSK,toth,-36.087723137524485,20.825538410947726,16.90147131822981,8.581227797012826
open,VRSK,rl_v4,-22.421171100751625,34.414589326567416,19.444784873656552,12.248733082126163
open,VRSN,twap,-20.133041657846686,37.40610932929163,11.780931709032494,5.6142021474256945
open,VRSN,ac_ra,-20.31726765930524,37.22294121874826,16.16184929943797,5.97788428095705
open,VRSN,vwap_following,-22.27045844800366,35.28096634297538,14.23515445311845,8.914514466977256
open,VRSN,pov_5pct_cap,-22.265095382589884,35.28629861176906,14.235534847920505,8.916096050751309
open,VRSN,toth,-27.49046174111573,30.090938156619586,17.013751097639393,10.603937754660839
open,VRSN,rl_v4,-9.979300449283047,47.50154416147734,21.751589572861853,11.414406036693276
open,VRTX,twap,18.604053281380796,25.142961046018627,11.87274341271637,5.123889837821206
open,VRTX,ac_ra,19.679930539381004,26.21813348655706,16.78474702918892,7.492143241532574
open,VRTX,vwap_following,26.27098113127644,32.8048662182932,10.637599568151254,13.162223619798374
open,VRTX,pov_5pct_cap,26.27098113127644,32.8048662182932,10.637599568151254,13.162223619798374
open,VRTX,toth,26.27212469028452,32.806009028144864,10.638068032893559,13.16484062437496
open,VRTX,rl_v4,22.711166641953316,29.247383797423144,18.39702125531292,11.505366487923904
open,WBA,twap,24.470093286993304,15.75493855179744,3.5474211473261295,2.2921055107462456
open,WBA,ac_ra,23.90287177610706,15.187221485959954,6.060678174026179,3.3560884490969234
open,WBA,vwap_following,24.01573074812455,15.300179057592063,7.028917312475069,2.3115133577274505
open,WBA,pov_5pct_cap,24.01573074812455,15.300179057592063,7.028917312475069,2.3115133577274505
open,WBA,toth,24.01573074812455,15.300179057592063,7.028917312475069,2.3115133577274505
open,WBA,rl_v4,22.131516370952728,13.414318530290384,5.8254063006980905,2.391418517118089
open,WDAY,twap,55.34954140999121,17.78868373344964,11.586460380353536,3.9406207967083757
open,WDAY,ac_ra,31.6834496919873,-5.966794605681017,17.60176118108347,3.6889732587097788
open,WDAY,vwap_following,50.217056810402504,12.636813784483913,10.513924712777179,-0.15203402717121917
open,WDAY,pov_5pct_cap,50.217056810402504,12.636813784483913,10.513924712777179,-0.15203402717121917
open,WDAY,toth,50.21010266940208,12.629833377753833,10.515016068653281,-0.15380079674486447
open,WDAY,rl_v4,38.047145790556485,0.4209371173126172,28.86933295861696,11.567164609150971
open,WDC,twap,173.6412755284854,58.674451910481146,6.754792303917597,1.7506282883083266
open,WDC,ac_ra,152.87423862414775,37.66444399971119,8.448922882201249,-3.6167595574905267
open,WDC,vwap_following,173.16517377284265,58.1927798405338,7.708450647740955,7.688112964976481
open,WDC,pov_5pct_cap,173.16517377284265,58.1927798405338,7.708450647740955,7.688112964976481
open,WDC,toth,173.16460050161314,58.19219986212267,7.70786857560096,7.686511376983161
open,WDC,rl_v4,147.49580795413368,32.22308655208609,8.93411890482784,-3.907127849794207
open,WLTW,twap,-124.49476510728674,2.451331015289345,13.181831525957017,6.515299680758439
open,WLTW,ac_ra,-122.50378144015299,4.417350710407667,21.187142730268505,10.62856078322299
open,WLTW,vwap_following,-124.41943192176049,2.5257196347870705,17.20436514290119,3.593879478489415
open,WLTW,pov_5pct_cap,-124.41667282536594,2.5284441362191967,17.203784278942425,3.5942209829721268
open,WLTW,toth,-122.09715960879873,4.818874109169851,23.28793675716992,3.8793189052152854
open,WLTW,rl_v4,-108.19609292242609,18.54564210817921,38.426059524149565,26.11133834668417
open,XEL,twap,-15.167796610169345,17.387184962269874,2.46163920623228,0.8221080065391688
open,XEL,ac_ra,-31.29984591679298,1.3075739750601754,3.492089301417107,1.6508901532130162
open,XEL,vwap_following,-21.748690292755686,10.827682920534448,2.7163252483603353,-1.4445868959009889
open,XEL,pov_5pct_cap,-21.748690292755686,10.827682920534448,2.7163252483603353,-1.4445868959009889
open,XEL,toth,-21.742681047763234,10.83367263206885,2.7161729714539438,-1.4417488569668533
open,XEL,rl_v4,-31.341294298913212,1.2662603237146541,7.746775945970357,4.6016188337097175
open,XLNX,twap,-77.94582924435744,-21.703660877591233,5.49398778063411,4.141390227763798
open,XLNX,ac_ra,-49.76643768400397,6.318469459943264,7.78756806492392,6.449459965916675
open,XLNX,vwap_following,-55.75161923454294,0.3666895166538777,6.588329225171416,10.72535695169231
open,XLNX,pov_5pct_cap,-55.75161923454294,0.3666895166538777,6.588329225171416,10.72535695169231
open,XLNX,toth,-55.74386653581876,0.37439894975684584,6.5888231679140095,10.724293247346619
open,XLNX,rl_v4,-39.68940137389383,16.339268677455962,8.751923470816903,8.127234061101701
early_mid,AAL,twap,-75.62059812422451,12.257973509882088,3.453256611636012,2.91412694816718
early_mid,AAL,ac_ra,-38.23818793134248,49.3143379986809,3.429002396377126,4.592002316514436
early_mid,AAL,vwap_following,-69.89984073615291,17.928835014813483,3.5140747085576045,2.658074484558294
early_mid,AAL,pov_5pct_cap,-69.89984073615291,17.928835014813483,3.5140747085576045,2.658074484558294
early_mid,AAL,toth,-69.90691912935613,17.921818358659422,3.5140722227368038,2.6584270982513427
early_mid,AAL,rl_v4,-25.935586621827305,61.50963722988386,3.485081564080288,4.700267253615093
early_mid,AAPL,twap,14.242541846121291,1.7772090795991862,0.73208202071893,0.11154740852672602
early_mid,AAPL,ac_ra,6.625554135708243,-5.84928700179991,0.8538998618235534,0.17980263314784983
early_mid,AAPL,vwap_following,13.310931263510481,0.8444355570742303,0.7834220677399467,-0.5854304818802607
early_mid,AAPL,pov_5pct_cap,13.310931263510481,0.8444355570742303,0.7834220677399467,-0.5854304818802607
early_mid,AAPL,toth,13.310931263510481,0.8444355570742303,0.7834220677399467,-0.5854304818802607
early_mid,AAPL,rl_v4,5.0931263508279825,-7.3836277334305045,0.8337048928529815,0.10166330307210904
early_mid,ADBE,twap,19.115055412980915,2.610041655925636,4.401049136320559,1.8290522197409553
early_mid,ADBE,ac_ra,18.27292147557427,1.7665151133242305,5.006681995761639,1.9453385486823063
early_mid,ADBE,vwap_following,21.372951583536228,4.871671624392049,4.501897357310601,4.897593420615271
early_mid,ADBE,pov_5pct_cap,21.372951583536228,4.871671624392049,4.501897357310601,4.897593420615271
early_mid,ADBE,toth,21.372148704642303,4.870867417807519,4.502098047596971,4.898168248885326
early_mid,ADBE,rl_v4,17.246440809191316,0.7383369944995257,5.371912371130646,1.589817303416374
early_mid,ADI,twap,15.38572741706042,4.934373243651934,5.396438074009659,2.490666475711366
early_mid,ADI,ac_ra,7.686053313278946,-2.773360462521932,5.206901937167894,2.454478908315859
early_mid,ADI,vwap_following,12.566641597727083,2.112336557761442,5.036779777793571,0.7499113875171335
early_mid,ADI,pov_5pct_cap,12.565137461354663,2.110830846940422,5.037281301552713,0.7487798815566614
early_mid,ADI,toth,12.562296314864978,2.107986726492263,5.036777956637834,0.7479852347193265
early_mid,ADI,rl_v4,4.875574496528587,-5.58678113648468,5.191990711409732,2.0742224738870836
early_mid,ADP,twap,-0.6914957179852957,3.5870179077004,2.9974788833196655,1.347923515683762
early_mid,ADP,ac_ra,-3.2175719122511466,1.062022423845556,3.387148854944518,1.5884768909447295
early_mid,ADP,vwap_following,-1.2410163029556103,3.0377324196042763,3.336520240315953,6.148370395250432
early_mid,ADP,pov_5pct_cap,-1.240162745040626,3.038585612348595,3.336292980831942,6.147859056703279
early_mid,ADP,toth,-1.2403334566245934,3.038414973798761,3.3363498296541345,6.14746067786049
early_mid,ADP,rl_v4,-4.102654565106405,0.17731842862529415,3.516627800749841,2.0577449047167784
early_mid,ADSK,twap,-13.554516891276247,3.5002807196349828,5.109858169141216,3.237473257257865
early_mid,ADSK,ac_ra,-1.980213445510309,15.054871145172006,5.752486634118499,4.1788467636259625
early_mid,ADSK,vwap_following,-11.565318999765516,5.486090666596099,4.909391134670643,5.280628032018656
early_mid,ADSK,pov_5pct_cap,-11.565318999765516,5.486090666596099,4.909391134670643,5.280628032018656
early_mid,ADSK,toth,-11.565682532263283,5.485727753256412,4.909287421868234,5.28119806745759
early_mid,ADSK,rl_v4,-0.8405390667679016,16.19260446334107,6.002219563879703,2.379223183740342
early_mid,ALGN,twap,47.05613473743244,5.659730623148459,14.429025308213802,6.560528257130314
early_mid,ALGN,ac_ra,32.63057963116303,-8.825823425829363,17.318876233012965,6.844812443165963
early_mid,ALGN,vwap_following,46.63391993811725,5.235759742949863,14.822961540845844,8.301550800106325
early_mid,ALGN,pov_5pct_cap,46.63152898155686,5.233358841894125,14.821090281243974,8.299749885497672
early_mid,ALGN,toth,46.63391993811725,5.235759742949863,14.822961540845844,8.301550800106325
early_mid,ALGN,rl_v4,28.994532444928332,-12.476993703356206,18.04847275913935,6.003029497241026
early_mid,ALXN,twap,-19.126809341976085,2.2389159704773314,7.461011170350571,4.191550554275165
early_mid,ALXN,ac_ra,-16.56469230086068,4.795569313012955,8.501637833330033,5.275529174831546
early_mid,ALXN,vwap_following,-20.205399165261362,1.1626262332502133,7.238265502090336,2.9632323814324146
early_mid,ALXN,pov_5pct_cap,-20.205399165261362,1.1626262332502133,7.238265502090336,2.9632323814324146
early_mid,ALXN,toth,-20.207530414706017,1.1604995286816822,7.238086964952599,2.961370631890167
early_mid,ALXN,rl_v4,-17.273332741322992,4.088440043861712,8.718097794718792,4.595609860498051
early_mid,AMAT,twap,-2.193691904342752,5.747369782910937,2.1178435178376613,1.0867748026338733
early_mid,AMAT,ac_ra,-17.972511321199732,-10.018922324217705,2.137824494368906,2.610546331378971
early_mid,AMAT,vwap_following,-0.8475411138450017,7.092451821213223,1.9891799091393698,6.758518243899547
early_mid,AMAT,pov_5pct_cap,-0.8475411138450017,7.092451821213223,1.9891799091393698,6.758518243899547
early_mid,AMAT,toth,-0.8475411138450017,7.092451821213223,1.9891799091393698,6.758518243899547
early_mid,AMAT,rl_v4,-19.979502661478048,-12.024320249838212,2.088641720917591,3.4281070198880004
early_mid,AMD,twap,-22.38716108452497,3.771630356916626,1.955751491965368,1.2128601010758062
early_mid,AMD,ac_ra,-17.882974481659716,8.264060870532486,1.9789274369002097,2.159070774468253
early_mid,AMD,vwap_following,-19.52591706539141,6.625406426114047,1.9895452066597454,2.968908598138665
early_mid,AMD,pov_5pct_cap,-19.52591706539141,6.625406426114047,1.9895452066597454,2.968908598138665
early_mid,AMD,toth,-19.52472089314421,6.626599476308603,1.9895454447038674,2.969904852522178
early_mid,AMD,rl_v4,-13.704744816589313,12.431385205700309,2.0879822588857575,2.4903328380257412
early_mid,AMGN,twap,-14.405269839948803,-1.2286656302681223,4.371265607099879,2.348321377097912
early_mid,AMGN,ac_ra,-11.151330988412438,2.020991802330832,4.992903850880578,3.7170045127586713
early_mid,AMGN,vwap_following,-13.760359647843195,-0.5846039884381623,4.306189242014114,3.1045471058038507
early_mid,AMGN,pov_5pct_cap,-13.760359647843195,-0.5846039884381623,4.306189242014114,3.1045471058038507
early_mid,AMGN,toth,-13.760359647843195,-0.5846039884381623,4.306189242014114,3.1045471058038507
early_mid,AMGN,rl_v4,-8.615314171544437,4.553671816965992,5.266562699911148,4.014199921566953
early_mid,AMZN,twap,24.106027050438996,0.19371894680110882,2.9143762852706323,0.9563500614865464
early_mid,AMZN,ac_ra,14.192567126395494,-9.743503630365971,3.3319868725985944,1.0998363141546392
early_mid,AMZN,vwap_following,23.638382303950188,-0.2750467483757502,2.9238245716077595,2.1420540575024343
early_mid,AMZN,pov_5pct_cap,23.638382303950188,-0.2750467483757502,2.9238245716077595,2.1420540575024343
early_mid,AMZN,toth,23.635845159571705,-0.2775899743122593,2.9239734272900737,2.143258365030531
early_mid,AMZN,rl_v4,12.53136651342957,-11.408686156229818,3.502510201202742,0.8913200716545056
early_mid,ANSS,twap,25.286528641718952,8.483740211542244,10.52397633364653,5.16919440298447
early_mid,ANSS,ac_ra,26.296128493172997,9.495040772771246,14.330902239262402,6.099114757096933
early_mid,ANSS,vwap_following,27.70929347321376,10.910586283565571,10.732196082251892,8.56774021567615
early_mid,ANSS,pov_5pct_cap,27.710370439140178,10.91166506368251,10.732159348725569,8.567110702487717
early_mid,ANSS,toth,23.86218549809578,7.056997707119086,9.754283591093657,1.505881131030845
early_mid,ANSS,rl_v4,23.838529384464255,7.033301743854432,14.838859537844847,5.867284853791385
early_mid,ASML,twap,3.132839177144997,2.7238959353888292,3.877648756557094,1.9754408614326349
early_mid,ASML,ac_ra,-0.6494544848821325,-1.058552449453612,4.7561474353980735,2.743378470865372
early_mid,ASML,vwap_following,3.64524027650529,3.236317995612489,4.258426590482011,4.1893581788548815
early_mid,ASML,pov_5pct_cap,3.6464395769141444,3.2375173450812933,4.257860573820888,4.189658727407166
early_mid,ASML,toth,1.3485466811027664,0.9395304490441537,4.731112828449305,3.8996437624895566
early_mid,ASML,rl_v4,-2.5348546681072133,-2.9440297590074254,4.561183885096414,2.196689316024832
early_mid,ATVI,twap,-0.6190358873294675,5.140247112720465,1.9435869743986942,0.9912952410549565
early_mid,ATVI,ac_ra,3.939886671599114,9.696544221654605,2.144569585171742,0.6819419648950804
early_mid,ATVI,vwap_following,2.2967890284952874,8.054392826406977,1.8801251662548435,3.757922488243957
early_mid,ATVI,pov_5pct_cap,2.2967890284952874,8.054392826406977,1.8801251662548435,3.757922488243957
early_mid,ATVI,toth,2.2967890284952874,8.054392826406977,1.8801251662548435,3.757922488243957
early_mid,ATVI,rl_v4,4.7730968218770915,10.529274532330982,2.1536122618872486,0.5770293863706479
early_mid,AVGO,twap,30.68698205546542,2.6064543460035954,4.450124924237539,2.1329247455720672
early_mid,AVGO,ac_ra,29.7167047308304,1.6334440447581313,5.190145390197532,1.486336218617397
early_mid,AVGO,vwap_following,31.439771615009,3.3613642851609082,4.530861698174769,2.0728219940228922
early_mid,AVGO,pov_5pct_cap,31.439771615009,3.3613642851609082,4.530861698174769,2.0728219940228922
early_mid,AVGO,toth,31.439771615009,3.3613642851609082,4.530861698174769,2.0728219940228922
early_mid,AVGO,rl_v4,28.10985318107971,0.02206648209295831,5.170151684088875,0.18283386707813287
early_mid,BIDU,twap,15.648352432971365,3.002601679102051,4.134494147967099,1.4878751929183913
early_mid,BIDU,ac_ra,-1.9677983649256086,-14.635860978402457,4.433275323305854,4.173378103461778
early_mid,BIDU,vwap_following,9.31562600407001,-3.3381455089671603,3.621431556467741,-0.1245579220273082
early_mid,BIDU,pov_5pct_cap,9.31562600407001,-3.3381455089671603,3.621431556467741,-0.1245579220273082
early_mid,BIDU,toth,9.31562600407001,-3.3381455089671603,3.621431556467741,-0.1245579220273082
early_mid,BIDU,rl_v4,-4.619899325257392,-17.29132097584574,4.532095999849228,4.226780919168441
early_mid,BIIB,twap,12.7468012881915,7.425774905448875,7.011020637276279,3.0825455364409735
early_mid,BIIB,ac_ra,7.810845156245114,2.4871889860845102,7.626307388174934,3.3422804148125933
early_mid,BIIB,vwap_following,11.851997562886138,6.530494445035773,7.5325400436054455,4.510516346872911
early_mid,BIIB,pov_5pct_cap,11.849281921839099,6.5277773571447035,7.532225250963468,4.5123611007984765
early_mid,BIIB,toth,11.851997562886138,6.530494445035773,7.5325400436054455,4.510516346872911
early_mid,BIIB,rl_v4,7.059413351903864,1.7353568325805655,7.989249914418278,4.303969853527709
early_mid,BKNG,twap,6.948546929430584,7.008340395589494,12.38338845868247,6.619245650209425
early_mid,BKNG,ac_ra,7.183152663765814,7.2429447261603075,12.663624112732695,7.6129156688838595
early_mid,BKNG,vwap_following,7.427502375096163,7.487292975423113,10.150158973079117,5.866752052614943
early_mid,BKNG,pov_5pct_cap,7.4283647170605205,7.488155312227644,10.149754122292903,5.867747390398895
early_mid,BKNG,toth,12.276007892622612,12.335769481896035,6.902186068088207,4.707039894478005
early_mid,BKNG,rl_v4,7.4635502180169855,7.523340602651513,14.586195290870249,7.73445655874322
early_mid,BMRN,twap,-5.055137563168799,8.948003208668307,9.013377065890738,3.934573548295861
early_mid,BMRN,ac_ra,-17.082537900055755,-3.0625634998456914,11.731672421478347,7.310947457672513
early_mid,BMRN,vwap_following,-1.1664233576667933,12.83127474427071,8.904825966610778,3.6733008074303175
early_mid,BMRN,pov_5pct_cap,-1.1610331274582915,12.83665743027767,8.904381420336296,3.6775619789018847
early_mid,BMRN,toth,-1.1664233576667933,12.83127474427071,8.904825966610778,3.6733008074303175
early_mid,BMRN,rl_v4,-17.069511510392786,-3.049555342003109,12.549441398022,8.675027414676078
early_mid,CDNS,twap,55.0244633730846,5.50767033582621,4.293483518268862,1.5771147318960999
early_mid,CDNS,ac_ra,44.17908006815032,-5.391712961218895,5.695757185472874,1.2224488858371894
early_mid,CDNS,vwap_following,59.048994889267775,9.552240301920582,3.4065973909601595,5.890731743005456
early_mid,CDNS,pov_5pct_cap,59.0477683134578,9.551007618895932,3.4064599254223853,5.888057212659529
early_mid,CDNS,toth,59.048994889267775,9.552240301920582,3.4065973909601595,5.890731743005456
early_mid,CDNS,rl_v4,38.29751277682746,-11.302565025463167,5.985084290862484,0.19089620277463817
early_mid,CDW,twap,26.444412128262282,-3.644891158156676,7.0772795338042656,3.6077874494507842
early_mid,CDW,ac_ra,32.44252163164351,2.371314091962239,9.815796635955659,3.033754761365681
early_mid,CDW,vwap_following,22.99890932887387,-7.100788723763775,6.224090711159861,-2.136235918550991
early_mid,CDW,pov_5pct_cap,22.99890932887387,-7.100788723763775,6.224090711159861,-2.136235918550991
early_mid,CDW,toth,22.99890932887387,-7.100788723763775,6.224090711159861,-2.136235918550991
early_mid,CDW,rl_v4,32.56220460990235,2.491358142799391,10.617562281956474,1.2543200179418552
early_mid,CERN,twap,-10.9320709745786,0.6226173267024389,6.082061674299864,3.4628599465157994
early_mid,CERN,ac_ra,-2.3250794491514095,9.219674601893688,6.4723865797934845,4.321210488381252
early_mid,CERN,vwap_following,-10.067929025424995,1.4857618771323546,6.380128866502169,4.676359769592649
early_mid,CERN,pov_5pct_cap,-10.064353813560208,1.4893329624624296,6.3801311084170855,4.678215523972408
early_mid,CERN,toth,-10.067134533899697,1.4865554516499402,6.380261499889845,4.677219829083237
early_mid,CERN,rl_v4,0.6042108050815829,12.145583848684849,7.6431396299689585,4.653353156767432
early_mid,CHKP,twap,27.803020411719103,4.455211746929332,7.578957659873926,3.3620226473107824
early_mid,CHKP,ac_ra,23.53048700874552,0.17267510268296593,9.031644796252962,3.2797104570936804
early_mid,CHKP,vwap_following,28.053705879793807,4.706484142474044,7.24492154928012,4.628292098098358
early_mid,CHKP,pov_5pct_cap,28.053096574834502,4.705873410954913,7.246055638695215,4.632002586168445
early_mid,CHKP,toth,28.055098576837633,4.7078801002260375,7.245446046715326,4.629339950129793
early_mid,CHKP,rl_v4,25.073073073074966,1.7188728088956076,8.631451059339485,2.9529966519970716
early_mid,CHTR,twap,36.455353264089574,1.0493587287995285,7.997579747221412,3.6062359289487413
early_mid,CHTR,ac_ra,22.972315469367665,-12.481591769624215,9.315848405095991,4.158595778495588
early_mid,CHTR,vwap_following,34.10967181390784,-1.3046582272238871,8.328588381114182,5.120772425119381
early_mid,CHTR,pov_5pct_cap,34.111251530349236,-1.3030728971747123,8.328549960982016,5.121715316989845
early_mid,CHTR,toth,34.10967181390784,-1.3046582272238871,8.328588381114182,5.120772425119381
early_mid,CHTR,rl_v4,19.960526835425732,-15.504082957295331,11.121019613466872,3.842193244947728
early_mid,CMCSA,twap,-20.934067097047297,-0.8188579665797633,2.1119914134243785,1.7314912684101789
early_mid,CMCSA,ac_ra,-3.6977457932017495,16.382864545841223,2.1156274248437317,2.4884047576206516
early_mid,CMCSA,vwap_following,-17.23695629167034,2.870831558851563,2.1127738623110726,2.703405920149319
early_mid,CMCSA,pov_5pct_cap,-17.23695629167034,2.870831558851563,2.1127738623110726,2.703405920149319
early_mid,CMCSA,toth,-17.23695629167034,2.870831558851563,2.1127738623110726,2.703405920149319
early_mid,CMCSA,rl_v4,0.7463223621563998,20.81801203973842,2.116564458907985,1.8858653187441334
early_mid,COST,twap,-2.748484400411737,0.704868241632531,2.0851930888407306,0.9476356379652425
early_mid,COST,ac_ra,-1.7173838040346423,1.7356128604526304,2.1287004739682405,1.6127960718539607
early_mid,COST,vwap_following,-1.4591157770214023,1.9937917229152644,2.4998157267156005,2.939586529458085
early_mid,COST,pov_5pct_cap,-1.4616458836465398,1.991262489785088,2.499913807960943,2.9403911634670155
early_mid,COST,toth,-1.4591157770214023,1.9937917229152644,2.4998157267156005,2.939586529458085
early_mid,COST,rl_v4,-1.0275847339242967,2.425173784073043,2.5370675962091784,1.7842377193815986
early_mid,CPRT,twap,10.610210273040792,4.295463594193936,5.653627119772319,3.8008809530170824
early_mid,CPRT,ac_ra,4.7131499110781245,-1.6053245672759606,6.978751606652083,3.6989014637468545
early_mid,CPRT,vwap_following,13.247201590125094,6.934121873176037,5.483435318719527,3.2764372376272215
early_mid,CPRT,pov_5pct_cap,13.24615545559335,6.93307507733517,5.483539160856858,3.280414005104135
early_mid,CPRT,toth,13.251176901350489,6.938099697376083,5.483018118442576,3.278220149793134
early_mid,CPRT,rl_v4,3.436551940583628,-2.882729533289111,7.710059552237435,2.296643728335013
early_mid,CSCO,twap,16.99340302446049,2.2341713257149287,2.0330897653891467,0.2734403162127857
early_mid,CSCO,ac_ra,11.566426469095273,-3.2008286646371578,2.0319845195987774,-0.08424123646265962
early_mid,CSCO,vwap_following,19.670354206839956,4.915080207847785,2.0336345302097043,0.9691767546472952
early_mid,CSCO,pov_5pct_cap,19.670354206839956,4.915080207847785,2.0336345302097043,0.9691767546472952
early_mid,CSCO,toth,19.670354206839956,4.915080207847785,2.0336345302097043,0.9691767546472952
early_mid,CSCO,rl_v4,10.118136608139602,-4.651259728788193,2.031689713719313,-0.1854814671674409
early_mid,CSGP,twap,46.535491276396385,12.105139142021189,27.862947235289866,13.610021675931515
early_mid,CSGP,ac_ra,57.48930211202409,23.096840660230168,40.876093877613044,15.837288526652879
early_mid,CSGP,vwap_following,36.90186715641223,2.4381910401721707,24.650971861885402,6.379658448227474
early_mid,CSGP,pov_5pct_cap,36.909274563818336,2.4456240707816503,24.656090927267925,6.382970057128333
early_mid,CSGP,toth,13.259810223446722,-21.285646899262947,31.315079172149677,-17.286355222284968
early_mid,CSGP,rl_v4,57.33217018671559,22.93916519477891,46.19995414411077,17.148156174151953
early_mid,CSX,twap,-35.808756062391375,7.383544823932627,4.027604871565492,1.8320429446037736
early_mid,CSX,ac_ra,-30.794206317996327,12.376512855619323,4.304085120628019,5.006722275058339
early_mid,CSX,vwap_following,-36.994625770088824,6.202778884398952,3.818618268372415,2.7678203198531026
early_mid,CSX,pov_5pct_cap,-36.994625770088824,6.202778884398952,3.818618268372415,2.7678203198531026
early_mid,CSX,toth,-36.97260453532645,6.224705343760474,3.8188898584212976,2.7669354506139174
early_mid,CSX,rl_v4,-24.869969851879635,18.275252482349583,4.455029077302238,5.249674338860935
early_mid,CTAS,twap,4.657277982139941,6.187806498603018,11.62918794304224,5.757327387113433
early_mid,CTAS,ac_ra,4.646277806971836,6.176808007827558,12.506138578145505,6.3520853116228455
early_mid,CTAS,vwap_following,6.076090383605631,7.606401645603267,12.316273058735883,9.60944707462647
early_mid,CTAS,pov_5pct_cap,6.074233666142682,7.604545212448631,12.315780731274156,9.607571287269185
early_mid,CTAS,toth,2.9826239271335253,4.513408873601823,14.697154858205455,12.043553951123585
early_mid,CTAS,rl_v4,4.325801366260831,5.856380639804204,12.656035351238906,5.241921257344626
early_mid,CTSH,twap,-12.069786010859099,-2.564561403940212,1.9674758899421434,1.0404032188612882
early_mid,CTSH,ac_ra,-3.807569466626254,5.689811185377969,2.1131023340437016,1.3301590421625729
early_mid,CTSH,vwap_following,-13.231555413605811,-3.725227850020564,1.8314586915533237,-0.8366834143882426
early_mid,CTSH,pov_5pct_cap,-13.231555413605811,-3.725227850020564,1.8314586915533237,-0.8366834143882426
early_mid,CTSH,toth,-13.232992654103828,-3.726663726036109,1.8314584628396355,-0.8365239882400263
early_mid,CTSH,rl_v4,-1.7709996806170947,7.724447499721686,2.2003355939111566,1.367162044953913
early_mid,CTXS,twap,7.31608385636899,2.444770205442239,3.6470847179209462,1.8810076690718878
early_mid,CTXS,ac_ra,6.557448443704373,1.6857649671058803,4.765173152133087,2.096173101359824
early_mid,CTXS,vwap_following,8.279151189103727,3.4083070219597187,3.352783608736185,2.639581861733301
early_mid,CTXS,pov_5pct_cap,8.27966354980558,3.4088196324312747,3.3529549868285353,2.639753170949452
early_mid,CTXS,toth,8.279151189103727,3.4083070219597187,3.352783608736185,2.639581861733301
early_mid,CTXS,rl_v4,5.896588531648635,1.0245828937631478,5.089286729041606,2.2087434055075796
early_mid,DLTR,twap,-10.810671633614659,1.5713912958974443,4.304205008838905,2.693779086504525
early_mid,DLTR,ac_ra,-1.6535553851190372,10.71718138976275,4.44718031516811,3.0439095348194547
early_mid,DLTR,vwap_following,-10.690917059273522,1.6909977494994897,4.670203364297871,1.0846556708918134
early_mid,DLTR,pov_5pct_cap,-10.690917059273522,1.6909977494994897,4.670203364297871,1.0846556708918134
early_mid,DLTR,toth,-10.690588364192266,1.6913260380279398,4.670203472031212,1.0848744533496535
early_mid,DLTR,rl_v4,0.23764654323219517,12.606044148784209,4.862519765326345,3.05731337914283
early_mid,EA,twap,6.567787926040066,11.682310065056734,3.937839175764559,1.527393266649324
early_mid,EA,ac_ra,-4.687280017815441,0.43300233380420305,5.017362489270401,2.8139673167193258
early_mid,EA,vwap_following,6.869146803297024,11.983514710352457,3.6090868246537364,4.254120762442436
early_mid,EA,pov_5pct_cap,6.875918912898902,11.990283354067566,3.6089995108523674,4.253053331899653
early_mid,EA,toth,6.877522833593683,11.991886453894429,3.608198954715275,4.254390548023149
early_mid,EA,rl_v4,-5.69766094898237,-0.5768614961775045,5.240684829624204,2.22137955221643
early_mid,EBAY,twap,12.21957709003752,1.935878121102648,2.803764671129188,1.16826206020974
early_mid,EBAY,ac_ra,10.39658311161274,0.11100713692658873,2.803252503075698,0.9434252585039876
early_mid,EBAY,vwap_following,12.618680857022223,2.335392816524226,2.8038775193512193,2.9482847075248255
early_mid,EBAY,pov_5pct_cap,12.618680857022223,2.335392816524226,2.8038775193512193,2.9482847075248255
early_mid,EBAY,toth,12.61756056574733,2.334271371766002,2.8038772045308757,2.948845559888156
early_mid,EBAY,rl_v4,9.98711665032781,-0.29888092251603177,2.8031373406672326,0.6264571082893162
early_mid,EXC,twap,-19.97798910139737,3.7232757511405894,2.1324981953567868,1.8481664450217439
early_mid,EXC,ac_ra,-5.6572283363613325,18.01016217591848,2.135546908031069,1.2791947170122824
early_mid,EXC,vwap_following,-13.910460519285152,9.776452195744978,2.1337910599837184,3.6067263062357178
early_mid,EXC,pov_5pct_cap,-13.910460519285152,9.776452195744978,2.1337910599837184,3.6067263062357178
early_mid,EXC,toth,-13.910460519285152,9.776452195744978,2.1337910599837184,3.6067263062357178
early_mid,EXC,rl_v4,-2.252591088793796,21.40674609151072,2.136272578085129,1.2158817794593662
early_mid,EXPE,twap,-7.820752176643497,0.6884617395022545,3.9920758499905147,2.1237352675172683
early_mid,EXPE,ac_ra,0.8153666636748429,9.317237664271119,4.919288896857374,2.03109401533192
early_mid,EXPE,vwap_following,-8.859168835832332,-0.349071999248062,3.962571672047152,0.08895401463989185
early_mid,EXPE,pov_5pct_cap,-8.86042545552346,-0.3503275504902218,3.9625707100692735,0.08756242803530213
early_mid,EXPE,toth,-8.861053765370938,-0.3509553261132134,3.962750073624954,0.08881961797477769
early_mid,EXPE,rl_v4,4.806121533083655,13.304599368703098,5.314858993439592,2.0278063370703308
early_mid,FAST,twap,19.453686200376605,-17.064403255964777,8.889526371272385,4.978987868115766
early_mid,FAST,ac_ra,33.443694301916345,-3.0232067373500557,10.07387325158556,4.265537425931687
early_mid,FAST,vwap_following,20.54064272211536,-15.973469639761651,8.657280944891204,1.6072153812595267
early_mid,FAST,pov_5pct_cap,20.54064272211536,-15.973469639761651,8.657280944891204,1.6072153812595267
early_mid,FAST,toth,20.550904671884858,-15.963170142268028,8.657827236679141,1.6083017836413533
early_mid,FAST,rl_v4,38.44801512287696,1.9994245277147498,10.381895078671768,2.564558804028648
early_mid,FB,twap,7.045275102075646,1.9602635231024192,1.302138527250707,0.43076763303124366
early_mid,FB,ac_ra,4.708159444160075,-0.37804139870046627,1.5214815313081769,0.8054816483327019
early_mid,FB,vwap_following,6.617473888422293,1.5322446186674286,1.3121151972211427,0.42893604406513364
early_mid,FB,pov_5pct_cap,6.617473888422293,1.5322446186674286,1.3121151972211427,0.42893604406513364
early_mid,FB,toth,6.6192785761003865,1.5340502246782874,1.3121604734594452,0.4287325318856784
early_mid,FB,rl_v4,3.8148841616082563,-1.2717712330120041,1.6345841053800263,0.7540295630068075
early_mid,FISV,twap,40.679131083656344,3.655259593566462,3.2900091832916285,1.3066791441942311
early_mid,FISV,ac_ra,41.68667606334533,4.666550131445552,4.526122477347475,1.00051485106417
early_mid,FISV,vwap_following,43.25147168559881,6.23716289653328,3.6945393651017184,3.9749161929152774
early_mid,FISV,pov_5pct_cap,43.25147168559881,6.23716289653328,3.6945393651017184,3.9749161929152774
early_mid,FISV,toth,43.25147168559881,6.23716289653328,3.6945393651017184,3.9749161929152774
early_mid,FISV,rl_v4,39.6017743139009,2.573897739617288,5.49658632726187,-0.05470190826131148
early_mid,FOX,twap,-20.002851587815087,3.834716937965224,2.586855281972143,0.6089063887900821
early_mid,FOX,ac_ra,-11.307323395984254,12.509558484072423,2.5890965122570333,1.7391786411937733
early_mid,FOX,vwap_following,-21.072974724562062,2.767139622210622,2.586578626673022,0.18300190993666454
early_mid,FOX,pov_5pct_cap,-21.069086195722747,2.7710189002469128,2.5865796277017625,0.1842947388365418
early_mid,FOX,toth,-21.072974724562062,2.767139622210622,2.586578626673022,0.18300190993666454
early_mid,FOX,rl_v4,-7.317952041482146,16.48943913139148,2.590644938704088,1.928383987067808
early_mid,FOXA,twap,-13.757245918239338,0.4217029703938514,2.5275399294561454,0.341774093230821
early_mid,FOXA,ac_ra,-8.05695481585017,6.11392276306318,2.528973107521514,1.4660380241591366
early_mid,FOXA,vwap_following,-11.09555752436564,3.079622554742078,2.5282124084731703,0.05101407615715203
early_mid,FOXA,pov_5pct_cap,-11.09555752436564,3.079622554742078,2.5282124084731703,0.05101407615715203
early_mid,FOXA,toth,-11.092773066701886,3.082403069761532,2.5282131152780094,0.05101160171301822
early_mid,FOXA,rl_v4,-4.788760916335936,9.377489073439655,2.529797082422873,1.6286765711740698
early_mid,GILD,twap,29.795099516291312,2.2449106840859696,1.7231014913890879,-0.05066739951797575
early_mid,GILD,ac_ra,12.305764808504662,-15.29275146316241,1.76765600632687,-0.25199518511616104
early_mid,GILD,vwap_following,26.727142970422967,-0.831523398905367,1.706074013321149,-3.8288268342207328
early_mid,GILD,pov_5pct_cap,26.727142970422967,-0.831523398905367,1.706074013321149,-3.8288268342207328
early_mid,GILD,toth,26.733010863530865,-0.825639291329985,1.7062343231730415,-3.826608601122023
early_mid,GILD,rl_v4,8.404250257710512,-19.20504688192054,1.7272041318775013,-0.15296216484515165
early_mid,GOOG,twap,4.538718266019678,3.7122555831828903,3.743518103393116,1.602171606532143
early_mid,GOOG,ac_ra,-0.6659644027183222,-1.4928574284758085,3.4408575831424857,1.3891483073534001
early_mid,GOOG,vwap_following,4.777869822082122,3.951426913203841,3.36506984735688,3.025259880547099
early_mid,GOOG,pov_5pct_cap,4.778817537506789,3.952374706989217,3.3651042227319756,3.0247859825572814
early_mid,GOOG,toth,4.777869822082122,3.951426913203841,3.36506984735688,3.025259880547099
early_mid,GOOG,rl_v4,-0.9487245045783521,-1.7756409100144541,3.8275974190804263,1.8648139488305904
early_mid,GOOGL,twap,4.431787085217571,2.958624038143585,3.550712678064991,1.493161615259014
early_mid,GOOGL,ac_ra,0.0498916659563078,-1.4239171919680764,3.6620774740541835,1.4580477088560644
early_mid,GOOGL,vwap_following,6.487295060993048,5.014434958016724,3.514312128276488,2.66303099149651
early_mid,GOOGL,pov_5pct_cap,6.4874588415948695,5.014598762756796,3.514264352138054,2.6635879332055827
early_mid,GOOGL,toth,6.4873564787164035,5.014496384791923,3.5143394696292383,2.6630275737452496
early_mid,GOOGL,rl_v4,-0.10947368421187567,-1.5833060296599155,4.213839388124705,1.9932553658884289
early_mid,IDXX,twap,86.16274289662867,4.897720338228836,13.068881540613843,4.895819547948266
early_mid,IDXX,ac_ra,66.62706624060688,-14.798092818218922,15.713597998633665,4.64567509445575
early_mid,IDXX,vwap_following,89.8075136022101,8.572367706693443,13.468167143340779,6.9411090518329175
early_mid,IDXX,pov_5pct_cap,89.80903359530309,8.573900159368916,13.468938227859056,6.9402789956742685
early_mid,IDXX,toth,65.99312548579425,-15.437230068435357,14.469062896253734,-0.7343474457467782
early_mid,IDXX,rl_v4,66.03886345970704,-15.391117174359424,14.43074804455255,3.2300829344922586
early_mid,ILMN,twap,4.703243905084822,-3.193031877116561,8.610909300853097,5.244445986197903
early_mid,ILMN,ac_ra,18.28074580368978,10.395196236231282,9.90091430459097,4.37806825804003
early_mid,ILMN,vwap_following,5.355403667023732,-2.5403569095304364,7.781115963939986,7.510911445942032
early_mid,ILMN,pov_5pct_cap,5.360363292573577,-2.5353933658807013,7.780810597145626,7.510667387243567
early_mid,ILMN,toth,5.355403667023732,-2.5403569095304364,7.781115963939986,7.510911445942032
early_mid,ILMN,rl_v4,20.24596642954146,12.361969384675666,9.326725099331037,4.3181421557061
early_mid,INCY,twap,15.151951355714658,-2.6739967378466805,7.9077626447978,3.068457043095374
early_mid,INCY,ac_ra,-14.280449215110249,-32.1589429700866,9.562581854916338,5.9784218867727015
early_mid,INCY,vwap_following,9.272321151580432,-8.564123845120305,9.545839554243727,5.944526994965475
early_mid,INCY,pov_5pct_cap,9.272321151580432,-8.564123845120305,9.545839554243727,5.944526994965475
early_mid,INCY,toth,9.281628094559322,-8.554800286457166,9.545474803581318,5.94403197905356
early_mid,INCY,rl_v4,-20.088850282310048,-37.977713775055676,10.109267395431488,7.660814981878296
early_mid,INTC,twap,-1.753383205851324,2.1538436948648427,1.6806611434919116,0.8966902612148367
early_mid,INTC,ac_ra,-6.6067075733397385,-2.6975847011073784,1.6798456259591605,1.3577566519088125
early_mid,INTC,vwap_following,-1.5797259813410074,2.3274330794521867,1.6806900303502392,2.3862116045889983
early_mid,INTC,pov_5pct_cap,-1.5797259813410074,2.3274330794521867,1.6806900303502392,2.3862116045889983
early_mid,INTC,toth,-1.5803984197703607,2.326760903713726,1.6806899174208014,2.3863793047477784
early_mid,INTC,rl_v4,-7.398167605279508,-3.488735545866745,1.6797127386239339,1.6440400093368774
early_mid,INTU,twap,20.29388414907953,2.103228242937652,3.8276873299252254,1.701790804932181
early_mid,INTU,ac_ra,19.57679389313111,1.384830900192472,4.692459782230464,1.857930847260269
early_mid,INTU,vwap_following,22.030103277950992,3.842612090728124,3.9294956005066326,3.5319136492324854
early_mid,INTU,pov_5pct_cap,22.0292411315679,3.841748372855046,3.9293508649611346,3.5329927344417946
early_mid,INTU,toth,22.03089357880625,3.8434038321158703,3.929927786261922,3.533695906153534
early_mid,INTU,rl_v4,18.96341266276903,0.7703316201833086,5.4446382884599505,1.533799330748487
early_mid,ISRG,twap,5.794163853325171,6.345634823323388,10.007209933172822,4.980177802379988
early_mid,ISRG,ac_ra,10.47100310859704,11.022216014960897,12.23215631436036,6.085820771697475
early_mid,ISRG,vwap_following,10.50892469164273,11.060135505528951,11.400816449974442,7.3599570576170965
early_mid,ISRG,pov_5pct_cap,10.508289601229412,11.059500450159332,11.40068361966317,7.359314498437497
early_mid,ISRG,toth,14.754420563558085,15.30539711493611,12.311249071482202,7.010114240000618
early_mid,ISRG,rl_v4,12.529949527017711,13.081048822635786,14.180124267833794,6.731534695263413
early_mid,JD,twap,-38.3499313615361,-1.037413989940487,2.4861051616312966,1.952538190414252
early_mid,JD,ac_ra,-28.814925745662322,8.462150037912032,2.4884732820379996,3.8066493023677133
early_mid,JD,vwap_following,-32.87033570448036,4.421814026064559,2.487466390149174,3.6029577638242025
early_mid,JD,pov_5pct_cap,-32.87033570448036,4.421814026064559,2.487466390149174,3.6029577638242025
early_mid,JD,toth,-32.87033570448036,4.421814026064559,2.487466390149174,3.6029577638242025
early_mid,JD,rl_v4,-23.730937227009882,13.527241386091605,2.489737096822565,4.2179061781511535
early_mid,KHC,twap,14.552260111025191,1.6194640292555191,3.176216062999136,0.6385575155948197
early_mid,KHC,ac_ra,1.834734337823251,-11.114533030139471,3.1721715752868707,1.0628409922143767
early_mid,KHC,vwap_following,12.99159397303882,0.056776572101488856,3.1757207355195614,-2.899632921582242
early_mid,KHC,pov_5pct_cap,12.99159397303882,0.056776572101488856,3.1757207355195614,-2.899632921582242
early_mid,KHC,toth,12.987470261697757,0.05264751987644383,3.1757194195178684,-2.899951140923011
early_mid,KHC,rl_v4,-1.1844567803290238,-14.137634497039251,3.171212807119775,1.5511716777228677
early_mid,KLAC,twap,39.07700002778841,12.486914638207843,8.190139420148666,2.930885975717991
early_mid,KLAC,ac_ra,10.334509684051524,-16.332302056345256,7.549363089071235,3.810621080702303
early_mid,KLAC,vwap_following,50.93378164337203,24.375347219831944,7.792647338763728,6.688499270402501
early_mid,KLAC,pov_5pct_cap,50.94295162142178,24.38454167658707,7.792930329717551,6.688506732969796
early_mid,KLAC,toth,50.93378164337203,24.375347219831944,7.792647338763728,6.688499270402501
early_mid,KLAC,rl_v4,4.6236140828689765,-22.05844255016344,6.821632535129913,3.4659979813777877
early_mid,LBTYA,twap,5.914505956547385,4.188500200825034,4.751394091071223,2.1463033101225433
early_mid,LBTYA,ac_ra,6.573697734168215,4.847805822659321,4.970504482038546,1.8412933707288477
early_mid,LBTYA,vwap_following,5.61784629759462,3.8917893079420454,4.673344913415086,5.14640414463777
early_mid,LBTYA,pov_5pct_cap,5.61784629759462,3.8917893079420454,4.673344913415086,5.14640414463777
early_mid,LBTYA,toth,5.61784629759462,3.8917893079420454,4.673344913415086,5.14640414463777
early_mid,LBTYA,rl_v4,5.98551740248614,4.259523910633702,4.873659288285406,1.8055176710060261
early_mid,LBTYK,twap,7.547555339329836,1.1219122297361372,4.86749323172697,2.356904495049474
early_mid,LBTYK,ac_ra,10.000000000002533,3.575933934104843,4.868689282013228,1.8824818087254065
early_mid,LBTYK,vwap_following,9.054244709316436,2.6295704758041762,4.868225368768925,7.1759859984704315
early_mid,LBTYK,pov_5pct_cap,9.054244709316436,2.6295704758041762,4.868225368768925,7.1759859984704315
early_mid,LBTYK,toth,9.05375820968081,2.6290836633251273,4.868225131510235,7.174523654104891
early_mid,LBTYK,rl_v4,8.799805400143624,2.3749675495210654,4.868104819912305,1.763271504212089
early_mid,LRCX,twap,-26.243763036442225,1.4666837543826445,5.073807096816754,3.3337136586998266
early_mid,LRCX,ac_ra,-18.062673477100727,9.625162488345957,6.164237497481268,4.342575860312966
early_mid,LRCX,vwap_following,-22.504311265130777,5.195800460859762,4.676521303398449,8.041468403225847
early_mid,LRCX,pov_5pct_cap,-22.506117890521697,5.19399882860465,4.676946271955066,8.04069340902692
early_mid,LRCX,toth,-22.506183585988317,5.193933314706596,4.676487800808089,8.041434336625843
early_mid,LRCX,rl_v4,-15.335293248157445,12.345004807130794,6.842598606029099,5.234892491526357
early_mid,LULU,twap,2.368486198784163,8.229594098999224,7.104639119518634,3.6466522455245185
early_mid,LULU,ac_ra,6.906919173164124,12.765366418670716,8.222062571824582,4.4861066576149335
early_mid,LULU,vwap_following,5.893592441307536,11.752633749248355,8.091827883485022,3.8066419218880676
early_mid,LULU,pov_5pct_cap,5.893592441307536,11.752633749248355,8.091827883485022,3.8066419218880676
early_mid,LULU,toth,5.893592441307536,11.752633749248355,8.091827883485022,3.8066419218880676
early_mid,LULU,rl_v4,8.448281553005305,14.305825175367845,8.438884630832849,4.250747088401103
early_mid,MAR,twap,11.41501844896097,4.30128926161736,5.235580918286679,2.2923856738686745
early_mid,MAR,ac_ra,7.986238074663992,0.8700669583513951,5.596383011103707,2.4071187873498627
early_mid,MAR,vwap_following,12.898780041884272,5.786107568596772,6.037671422348199,2.8865223423269706
early_mid,MAR,pov_5pct_cap,12.898580593693335,5.785907978361648,6.0374053676177315,2.8871543119405927
early_mid,MAR,toth,12.132699531298055,5.019481466287792,6.03251314040691,2.9552030238425573
early_mid,MAR,rl_v4,7.31635807599,0.19970988060090078,5.7144916396937795,2.1947970388232996
early_mid,MCHP,twap,-31.27227677342613,-4.358714781077159,5.217360510354487,3.3324374095171554
early_mid,MCHP,ac_ra,-10.971368266493254,15.887727079499463,5.885043215785112,4.113943063379234
early_mid,MCHP,vwap_following,-32.958245388638666,-6.040159999895823,5.468662216294298,1.4117730601235525
early_mid,MCHP,pov_5pct_cap,-32.958245388638666,-6.040159999895823,5.468662216294298,1.4117730601235525
early_mid,MCHP,toth,-32.96081490318399,-6.042722620521101,5.468752727149731,1.4112690152115417
early_mid,MCHP,rl_v4,-6.746627512158656,20.10113299822635,6.125893982283171,4.264532475982669
early_mid,MDLZ,twap,4.369445198657602,-1.5195896178893746,1.8107478010121574,0.7558923410576959
early_mid,MDLZ,ac_ra,1.2359489546537266,-4.654931995399014,1.8101813389600243,0.7465355034130132
early_mid,MDLZ,vwap_following,3.843243732464059,-2.0461011014187864,1.8106521220745435,1.6349460289398057
early_mid,MDLZ,pov_5pct_cap,3.843243732464059,-2.0461011014187864,1.8106521220745435,1.6349460289398057
early_mid,MDLZ,toth,3.8419766494707503,-2.047368930927868,1.810651892758917,1.6356699619769581
early_mid,MDLZ,rl_v4,-0.4449271427131912,-6.336798399260898,1.8098769954680125,0.9627801220387546
early_mid,MELI,twap,-10.364388022299094,10.510265852613234,20.202830897115188,10.965168657058605
early_mid,MELI,ac_ra,-2.31767468731469,18.54019934330951,27.139806092942205,15.001622232075123
early_mid,MELI,vwap_following,-9.454730981911167,11.418025981447604,19.989996311535233,11.12958940817158
early_mid,MELI,pov_5pct_cap,-9.457462053856835,11.415300604617453,19.988268338530215,11.128687537765098
early_mid,MELI,toth,-9.454730981911167,11.418025981447604,19.989996311535233,11.12958940817158
early_mid,MELI,rl_v4,2.3965906618299258,23.244634015605275,30.87758526836482,17.079186412894177
early_mid,MNST,twap,24.18016405667559,0.8006619047747039,3.437676912889112,1.4197720777796576
early_mid,MNST,ac_ra,9.823713646533768,-13.589434528328379,4.324383641610024,2.2717478872806756
early_mid,MNST,vwap_following,24.43087248322156,1.0519578958812121,4.157562549090613,2.6452151059819995
early_mid,MNST,pov_5pct_cap,24.43087248322156,1.0519578958812121,4.157562549090613,2.6452151059819995
early_mid,MNST,toth,24.42788963460018,1.048968056604738,4.157710897677298,2.6449895935633227
early_mid,MNST,rl_v4,6.611483967184755,-16.809192444146756,4.736771806086438,2.9779072837622382
early_mid,MSFT,twap,24.734187854592236,1.6702752805745285,0.6420619789438564,-0.09920576256669639
early_mid,MSFT,ac_ra,21.290607270434577,-1.7812672409420198,0.6477609280440978,-1.0999911697815064
early_mid,MSFT,vwap_following,27.112058355595515,4.053643679917587,0.6532875229785684,2.7663548997268297
early_mid,MSFT,pov_5pct_cap,27.112058355595515,4.053643679917587,0.6532875229785684,2.7663548997268297
early_mid,MSFT,toth,27.112058355595515,4.053643679917587,0.6532875229785684,2.7663548997268297
early_mid,MSFT,rl_v4,19.49269054122849,-3.583340951529729,0.6520006431667097,-1.4893053922461121
early_mid,MU,twap,8.337364071332939,1.895146537452029,1.7411935201962978,0.581670020298837
early_mid,MU,ac_ra,0.5296215745919416,-5.9176300739749115,1.739830579249921,1.1525714559554778
early_mid,MU,vwap_following,7.7585036972574715,1.3159129377596233,1.7410906016487027,0.9065645663623767
early_mid,MU,pov_5pct_cap,7.7585036972574715,1.3159129377596233,1.7410906016487027,0.9065645663623767
early_mid,MU,toth,7.7585036972574715,1.3159129377596233,1.7410906016487027,0.9065645663623767
early_mid,MU,rl_v4,-0.6969986950768531,-7.145041218485723,1.7396163970158733,1.2516460476035274
early_mid,MXIM,twap,23.944345575150177,-10.93431427128994,4.647608410006522,1.2309903362603472
early_mid,MXIM,ac_ra,7.743730787896767,-27.191570255429333,5.185151357447822,2.1723852217076813
early_mid,MXIM,vwap_following,20.352855524996393,-14.538361023625473,4.140538175922111,0.22035386217931452
early_mid,MXIM,pov_5pct_cap,20.36143018928924,-14.529756380269804,4.140378327113653,0.21897502624865173
early_mid,MXIM,toth,20.360135900339053,-14.531055194361553,4.1403776153672815,0.22099982015246966
early_mid,MXIM,rl_v4,3.970393140275342,-30.978100387621428,5.320826929384673,1.1470204513099589
early_mid,NFLX,twap,-15.342809635218089,3.824611653587283,3.5947313032369475,1.6473027410346561
early_mid,NFLX,ac_ra,-17.13918686266881,2.031672343316892,4.134133571769972,3.5874717513063
early_mid,NFLX,vwap_following,-11.570741182185133,7.589461100087589,3.3834538753370276,3.6196864919591554
early_mid,NFLX,pov_5pct_cap,-11.570741182185133,7.589461100087589,3.3834538753370276,3.6196864919591554
early_mid,NFLX,toth,-11.570741182185133,7.589461100087589,3.3834538753370276,3.6196864919591554
early_mid,NFLX,rl_v4,-14.850807104279557,4.315672587222065,4.788231973615183,4.375194518647598
early_mid,NTAP,twap,9.940885914598047,10.804366927126134,5.421889921929626,2.651459528207373
early_mid,NTAP,ac_ra,8.115200764815851,8.978839578658595,5.741629501686865,3.713486722541823
early_mid,NTAP,vwap_following,9.476736775016512,10.340257905822622,4.871581674706582,4.04474698473831
early_mid,NTAP,pov_5pct_cap,9.476736775016512,10.340257905822622,4.871581674706582,4.04474698473831
early_mid,NTAP,toth,9.479604843849717,10.343125726757094,4.871742400124668,4.0441086431877356
early_mid,NTAP,rl_v4,7.450127469720198,8.31382376852431,5.2802633742742575,3.393157345722579
early_mid,NTES,twap,21.45936258978496,-8.747394172522428,14.165965480953968,7.309157602982665
early_mid,NTES,ac_ra,39.85098421528271,9.699902051204946,11.844823800392172,3.3000592070074015
early_mid,NTES,vwap_following,24.199108256513835,-5.999354824988647,15.188614318182825,5.833853144642775
early_mid,NTES,pov_5pct_cap,24.196126220413376,-6.0023458882246805,15.189040544194972,5.8343325696663655
early_mid,NTES,toth,24.199108256513835,-5.999354824988647,15.188614318182825,5.833853144642775
early_mid,NTES,rl_v4,46.65742426631264,16.526946365574528,11.15919616048436,1.5691335001690845
early_mid,NVDA,twap,-5.7677702240639235,3.631847900152385,2.3983724294390183,1.2810947763191316
early_mid,NVDA,ac_ra,-8.51755903294569,0.8846422978090185,2.557475135327638,2.252755086619589
early_mid,NVDA,vwap_following,-4.511042278452038,4.887395250427057,2.102035008904747,2.5338034050327702
early_mid,NVDA,pov_5pct_cap,-4.511042278452038,4.887395250427057,2.102035008904747,2.5338034050327702
early_mid,NVDA,toth,-4.510961824693039,4.887475628606187,2.1021960362592687,2.5365412541988976
early_mid,NVDA,rl_v4,-9.058328975419915,0.34438036542147854,2.590587506694231,2.5266148084271642
early_mid,NXPI,twap,21.722151851574917,3.9863511722511964,6.531314815649915,2.377564251882645
early_mid,NXPI,ac_ra,1.206392966252689,-16.565873265134474,8.492387769953035,4.588750286147342
early_mid,NXPI,vwap_following,16.601594516053417,-1.1433076520895118,7.718467924034285,4.558430140261469
early_mid,NXPI,pov_5pct_cap,16.601594516053417,-1.1433076520895118,7.718467924034285,4.558430140261469
early_mid,NXPI,toth,16.59622978913164,-1.1486819144971543,7.718987502730923,4.558986926437423
early_mid,NXPI,rl_v4,-2.125996572529981,-19.90418592988589,8.985804565445392,5.313895341893771
early_mid,ORLY,twap,-33.214198370340235,9.247442119189252,10.960018152609097,7.292827370674612
early_mid,ORLY,ac_ra,-11.4573214632607,30.912241585566544,15.556207702206859,12.149343519167578
early_mid,ORLY,vwap_following,-37.12398432053784,5.354202803213333,9.015564240697426,6.246029824543465
early_mid,ORLY,pov_5pct_cap,-37.12809846519445,5.350106070058953,9.015147327938635,6.246629443834048
early_mid,ORLY,toth,-37.12398432053784,5.354202803213333,9.015564240697426,6.246029824543465
early_mid,ORLY,rl_v4,-23.104487846137253,19.314367262232757,12.541158285146413,9.521807253297244
early_mid,PAYX,twap,25.25667327854862,3.010538034398838,3.788020709965854,1.573171123973302
early_mid,PAYX,ac_ra,23.83836780957581,1.5890693947812455,4.7604320791444374,1.3840433241257226
early_mid,PAYX,vwap_following,26.60028336639055,4.35714470378181,3.8094540119339073,3.3291671714487197
early_mid,PAYX,pov_5pct_cap,26.600510059504174,4.357371902476931,3.808999827832557,3.328144612009749
early_mid,PAYX,toth,26.600510059504174,4.357371902476931,3.808999827832557,3.328144612009749
early_mid,PAYX,rl_v4,22.58396146217378,0.33186541215779775,5.185665328778539,0.8398161925513311
early_mid,PCAR,twap,19.056534647212615,6.467754695478442,5.211479427573305,2.018883851857656
early_mid,PCAR,ac_ra,19.733560735271105,7.145634704057947,6.290699153277783,1.6851685683668665
early_mid,PCAR,vwap_following,19.19007011559601,6.601458589685815,4.920368189712179,2.264780784658192
early_mid,PCAR,pov_5pct_cap,19.187543427451693,6.598928714676331,4.920114256638413,2.264968745045663
early_mid,PCAR,toth,19.187922430675854,6.59930819593027,4.920240555842792,2.2650330255943265
early_mid,PCAR,rl_v4,19.74038279325215,7.152465366574925,6.848493479083106,1.4963479039146517
early_mid,PEP,twap,-19.296696247191658,-2.377354761647378,1.9094072390050574,1.560558690505176
early_mid,PEP,ac_ra,-9.567839195977676,7.335073406412042,2.3633858712093847,1.960993402564525
early_mid,PEP,vwap_following,-19.189921237391022,-2.270760060196492,1.4192600570798695,2.907357835142672
early_mid,PEP,pov_5pct_cap,-19.189921237391022,-2.270760060196492,1.4192600570798695,2.907357835142672
early_mid,PEP,toth,-19.1876403293062,-2.2684830038254105,1.419118178280139,2.90750045636302
early_mid,PEP,rl_v4,-6.668234790979375,10.229781320310371,2.410220596177334,2.0368407966180304
early_mid,PYPL,twap,20.529949761688197,2.269085863006403,1.5920381826166883,0.48805806593241763
early_mid,PYPL,ac_ra,15.772424749876885,-2.497144672875619,1.7867198530546005,0.5871492241401958
early_mid,PYPL,vwap_following,21.131864828888222,2.8721023403079045,1.5374905853296645,2.249967557323519
early_mid,PYPL,pov_5pct_cap,21.131864828888222,2.8721023403079045,1.5374905853296645,2.249967557323519
early_mid,PYPL,toth,21.131864828888222,2.8721023403079045,1.5374905853296645,2.249967557323519
early_mid,PYPL,rl_v4,15.656232556140255,-2.613549480090242,1.9795916598563332,-0.012442146333512418
early_mid,QCOM,twap,-97.99829387929015,14.558000123162248,2.4093539772068775,3.5228873240735816
early_mid,QCOM,ac_ra,-41.343676690127246,70.58112247905657,2.3886093811112477,4.363558143753376
early_mid,QCOM,vwap_following,-95.01930049050851,17.5037884701187,2.760548962643322,2.5755335764775777
early_mid,QCOM,pov_5pct_cap,-95.01930049050851,17.5037884701187,2.760548962643322,2.5755335764775777
early_mid,QCOM,toth,-95.00735764555208,17.515598195388534,2.7605501977936413,2.581505251065109
early_mid,QCOM,rl_v4,-25.527297931330352,86.22120560719284,2.210219206832481,4.241976745790928
early_mid,QQQ,twap,3.798074549498761,9.181717712622573,0.5013863688162346,0.16128648578503318
early_mid,QQQ,ac_ra,2.397298085770344,7.781695663489645,0.5187723656016265,0.29915556674441807
early_mid,QQQ,vwap_following,4.714077332196057,10.097227164737388,0.5357058288012985,1.0350247969916575
early_mid,QQQ,pov_5pct_cap,4.714077332196057,10.097227164737388,0.5357058288012985,1.0350247969916575
early_mid,QQQ,toth,4.7134040977538065,10.09655429287825,0.5357057682763506,1.0350248726546394
early_mid,QQQ,rl_v4,2.0281860820009383,7.4127824519545635,0.49887521022620457,0.20811912870868463
early_mid,REGN,twap,2.0333441621771025,2.0461304016108226,10.488330890295353,4.964012716972308
early_mid,REGN,ac_ra,0.06671431355689457,0.07950306808203153,11.398242151933436,6.561078980572248
early_mid,REGN,vwap_following,1.6016633097260657,1.6144501012295147,10.326470123489365,4.362066520972124
early_mid,REGN,pov_5pct_cap,1.5959456825410099,1.6087324813566406,10.326594776019432,4.360982776245546
early_mid,REGN,toth,-0.022168799948188732,-0.00937993175186143,10.41797163098217,1.1161546017435124
early_mid,REGN,rl_v4,-2.9991293613157017,-2.9863366859321894,12.059792680653233,7.272801595832593
early_mid,ROST,twap,-2.4119169884983145,1.833703043567584,3.9178849629564887,2.1023577671983316
early_mid,ROST,ac_ra,0.7971820226558699,5.04143992175227,4.5878819835736895,3.0610544292974815
early_mid,ROST,vwap_following,1.3897211730256356,5.6337275631752455,4.468433213188481,4.05403349233052
early_mid,ROST,pov_5pct_cap,1.3911641132296777,5.635169890909427,4.468518943669942,4.054884395847529
early_mid,ROST,toth,1.3911641132296777,5.635169890909427,4.468518943669942,4.054884395847529
early_mid,ROST,rl_v4,3.4165428850275994,7.659688971189199,5.055053522181607,3.5210986155056614
early_mid,SBUX,twap,-10.806095074578634,-0.2913870884453913,1.2502483545045524,1.1428947902150597
early_mid,SBUX,ac_ra,-1.4759094323401003,9.028998725831954,1.2216619881782864,0.904234270432605
early_mid,SBUX,vwap_following,-8.226097220732532,2.2859009013018152,1.3011536049482426,2.7863895228555586
early_mid,SBUX,pov_5pct_cap,-8.226097220732532,2.2859009013018152,1.3011536049482426,2.7863895228555586
early_mid,SBUX,toth,-8.228887219658512,2.283113832811578,1.3011533061689051,2.78590717809654
early_mid,SBUX,rl_v4,1.0665307436438478,11.568768485890471,1.30234216886024,0.699194038256993
early_mid,SGEN,twap,-27.773131548313458,5.012171057839859,9.657633695881135,5.218609738686255
early_mid,SGEN,ac_ra,-8.697834691500987,24.0251021858361,10.667087210023494,5.630931879864397
early_mid,SGEN,vwap_following,-25.634644935972894,7.143665995180894,10.082161278849137,7.254876975823461
early_mid,SGEN,pov_5pct_cap,-25.630733410944398,7.147564731673983,10.082442958228413,7.256601756729671
early_mid,SGEN,toth,-25.634644935972894,7.143665995180894,10.082161278849137,7.254876975823461
early_mid,SGEN,rl_v4,-3.6842840512324257,29.022261273093218,11.544056412969919,6.2877545148892215
early_mid,SIRI,twap,-19.79064898813751,6.515182115312545,13.919490392868921,6.967601421652759
early_mid,SIRI,ac_ra,-20.71179344033181,5.596456024063112,13.918200626276125,7.96145711513544
early_mid,SIRI,vwap_following,-21.426378227494812,4.88374729872403,13.917212566904174,8.254133380992027
early_mid,SIRI,pov_5pct_cap,-21.426378227494812,4.88374729872403,13.917212566904174,8.254133380992027
early_mid,SIRI,toth,-21.426378227494812,4.88374729872403,13.917212566904174,8.254133380992027
early_mid,SIRI,rl_v4,-20.1270062805186,6.1797078910946235,13.919010975272071,8.396809593536876
early_mid,SNPS,twap,48.057485744596775,9.69117392337245,7.672046722711414,3.178664891681895
early_mid,SNPS,ac_ra,38.84325686248733,0.4414227321282078,9.086829729586231,2.3969921410668658
early_mid,SNPS,vwap_following,50.0882508951078,11.7297679946081,8.264026759763851,7.911530784921816
early_mid,SNPS,pov_5pct_cap,50.090306325420656,11.731831348929786,8.264494476250343,7.912498616227197
early_mid,SNPS,toth,50.0882508951078,11.7297679946081,8.264026759763851,7.911530784921816
early_mid,SNPS,rl_v4,33.6243866861126,-4.7975670138938025,10.154484659437907,2.2632462011844243
early_mid,SPLK,twap,30.496717099631326,6.10090502835255,9.214724376996246,4.2743971296967125
early_mid,SPLK,ac_ra,31.31208170773823,6.918264869439925,11.128309901150448,4.281221537451813
early_mid,SPLK,vwap_following,37.16839534367183,12.788909161860474,8.40038586235147,9.724282801866746
early_mid,SPLK,pov_5pct_cap,37.168839407492634,12.78935431232493,8.400513536071676,9.725777840836304
early_mid,SPLK,toth,37.16839534367183,12.788909161860474,8.40038586235147,9.724282801866746
early_mid,SPLK,rl_v4,31.289434453001867,6.895562195877292,12.717259810595298,4.0723298086002515
early_mid,SWKS,twap,-38.26814058956633,15.747684375875867,7.193321796302742,4.254298414229468
early_mid,SWKS,ac_ra,-23.24821833494517,30.68678457233546,8.344710323238164,6.61725819818339
early_mid,SWKS,vwap_following,-37.12261094914225,16.88704993224847,7.504575212443303,5.873751044707832
early_mid,SWKS,pov_5pct_cap,-37.12261094914225,16.88704993224847,7.504575212443303,5.873751044707832
early_mid,SWKS,toth,-37.12261094914225,16.88704993224847,7.503929478387473,5.874801040669385
early_mid,SWKS,rl_v4,-17.977486232590667,35.92915491560033,8.845875852844893,6.644531877833463
early_mid,TCOM,twap,-27.19734098018952,7.3089663152420465,3.4655848978516244,2.6438387344258927
early_mid,TCOM,ac_ra,-29.895203336808613,4.620388035155268,3.447222777916314,4.183160931402306
early_mid,TCOM,vwap_following,-27.062565172053645,7.443278323245799,3.0647876855708125,4.549552252617573
early_mid,TCOM,pov_5pct_cap,-27.062565172053645,7.443278323245799,3.0647876855708125,4.549552252617573
early_mid,TCOM,toth,-27.06308654848797,7.442758741009284,3.0647875506057445,4.549422314987635
early_mid,TCOM,rl_v4,-30.292231491128327,4.224726162462618,3.401520926896952,5.27110471121587
early_mid,TMUS,twap,3.1235625152921864,0.23377132804617395,2.182999758615152,1.0018405275141342
early_mid,TMUS,ac_ra,5.231710300954899,2.3425285147483534,2.4154282410514063,1.165581085213812
early_mid,TMUS,vwap_following,4.984829948617398,2.095576796852725,2.356703158456233,1.801019326670746
early_mid,TMUS,pov_5pct_cap,4.984829948617398,2.095576796852725,2.356703158456233,1.801019326670746
early_mid,TMUS,toth,4.98495228774288,2.0956991713427056,2.3567031734304216,1.7999179077407081
early_mid,TMUS,rl_v4,4.570712013707711,1.6813391531153585,2.5072583304533627,1.0916667934917559
early_mid,TSLA,twap,-54.79035345157453,3.658265134769362,4.4763677727439255,3.2607021944182426
early_mid,TSLA,ac_ra,-52.52013623737871,5.915285548694244,4.4518945544736495,4.532597949360668
early_mid,TSLA,vwap_following,-51.50897615845845,6.920567741780487,4.72489382484337,8.761879548568063
early_mid,TSLA,pov_5pct_cap,-51.50897615845845,6.920567741780487,4.72489382484337,8.761879548568063
early_mid,TSLA,toth,-51.50897615845845,6.920567741780487,4.72489382484337,8.761879548568063
early_mid,TSLA,rl_v4,-49.618358673358486,8.800195044450513,4.526561256961239,5.785573860840142
early_mid,TTWO,twap,5.165605344375492,2.035953219208312,6.227026188683393,3.0728781360979167
early_mid,TTWO,ac_ra,8.389889440167432,5.261246925282332,6.805165014918363,2.986111940555152
early_mid,TTWO,vwap_following,9.581982263545594,6.453713025064161,7.192179153272525,6.393733746433188
early_mid,TTWO,pov_5pct_cap,9.584170019923322,6.455901466487397,7.192180784477201,6.393110981360281
early_mid,TTWO,toth,9.581982263545594,6.453713025064161,7.192179153272525,6.393733746433188
early_mid,TTWO,rl_v4,9.716529280778687,6.588302172595945,7.351045224569596,2.9020084331196765
early_mid,TXN,twap,-11.58667479798548,1.6128190840561554,1.7898135268327493,1.3843854573253707
early_mid,TXN,ac_ra,-7.915840829391875,5.278813345210338,2.056878001866951,2.2358082239978896
early_mid,TXN,vwap_following,-11.093764293336221,2.10507972476258,2.1458557116128696,1.8022955210353362
early_mid,TXN,pov_5pct_cap,-11.093764293336221,2.10507972476258,2.1458557116128696,1.8022955210353362
early_mid,TXN,toth,-11.09338313767321,2.105460377901665,2.1458557695964724,1.8021433459879106
early_mid,TXN,rl_v4,-6.703308431158188,6.489747114326369,2.2445679684886066,2.3586165542289153
early_mid,UAL,twap,-26.677802690582972,7.478026361348214,3.3181696850475277,1.9155716900740962
early_mid,UAL,ac_ra,-13.264910313903355,20.845227785538373,3.919182904881246,3.3682880408274665
early_mid,UAL,vwap_following,-25.523878923766347,8.628019292478893,3.29877128488891,1.1890704818900508
early_mid,UAL,pov_5pct_cap,-25.523878923766347,8.628019292478893,3.29877128488891,1.1890704818900508
early_mid,UAL,toth,-25.52645739910412,8.62544960070478,3.298546604679655,1.188173726253377
early_mid,UAL,rl_v4,-7.900112107622037,26.191750832884928,4.214774685787073,3.4666948226152687
early_mid,ULTA,twap,59.5325425626012,7.7072009895146,8.71991701311261,3.4298351023416873
early_mid,ULTA,ac_ra,42.682662622540235,-9.230527010720404,10.780395685090882,4.557480314128047
early_mid,ULTA,vwap_following,59.56630377872811,7.74113822216842,8.386554652194233,2.353374491948391
early_mid,ULTA,pov_5pct_cap,59.5645344743519,7.739359693396679,8.387205322952914,2.354410144445562
early_mid,ULTA,toth,59.5621513296861,7.736964124034869,8.387022656261141,2.35319041423873
early_mid,ULTA,rl_v4,37.443246854070246,-14.49725884988899,12.115522840793847,3.4486539892284087
early_mid,VRSK,twap,9.314652764849091,4.204282904823849,7.371134709764379,3.646556682572901
early_mid,VRSK,ac_ra,11.305529696525095,6.196178196813789,8.105395199800887,3.8141906308462126
early_mid,VRSK,vwap_following,10.618941227581233,5.509238528638248,7.255563672475642,5.339419322048242
early_mid,VRSK,pov_5pct_cap,10.616396698318518,5.5066926978146045,7.2544448301182065,5.337959891778453
early_mid,VRSK,toth,8.551728418048393,3.440968311963759,8.508572024331992,8.219402618101851
early_mid,VRSK,rl_v4,11.451560851487804,6.34228404867536,9.058711227905956,3.997237753644641
early_mid,VRSN,twap,19.129781356799594,5.286968566322298,7.113684501695164,3.3716139716182956
early_mid,VRSN,ac_ra,23.378013951967272,9.541093181646245,9.462720810965891,3.623267097535981
early_mid,VRSN,vwap_following,21.57881923311037,7.739403097643699,8.447682103425404,4.762964204758882
early_mid,VRSN,pov_5pct_cap,21.575448288779626,7.736027478034121,8.446179409213816,4.763596565997543
early_mid,VRSN,toth,27.87138910997688,14.040700356478744,11.857550294091954,7.28833036993763
early_mid,VRSN,rl_v4,23.26958190927628,9.432510750819285,10.192959414482795,3.6324487213551486
early_mid,VRTX,twap,45.649994703950384,-0.2831346776011119,8.12518682603892,2.5007455540195003
early_mid,VRTX,ac_ra,14.09227836033996,-31.986470239646305,8.862093655252188,3.42099593873789
early_mid,VRTX,vwap_following,42.29314691240186,-3.6554722323025572,7.884609828281634,4.155140209673631
early_mid,VRTX,pov_5pct_cap,42.29314691240186,-3.6554722323025572,7.884609828281634,4.155140209673631
early_mid,VRTX,toth,42.299247961018644,-3.649343031143893,7.884656487720134,4.154609712996071
early_mid,VRTX,rl_v4,7.055820358010951,-39.055397115948686,9.78483918375881,4.4647563073984085
early_mid,WBA,twap,-35.33020862053379,4.379441767549188,2.1683743675351512,1.8355145457680286
early_mid,WBA,ac_ra,-18.337285175992317,21.30512447012937,2.673684433579421,2.452236377455632
early_mid,WBA,vwap_following,-34.57071960297923,5.135925498507917,1.982393091810433,0.5093362876843074
early_mid,WBA,pov_5pct_cap,-34.57071960297923,5.135925498507917,1.982393091810433,0.5093362876843074
early_mid,WBA,toth,-34.57016818307175,5.136474736455133,1.9823931922583546,0.5098853862704852
early_mid,WBA,rl_v4,-13.135189780355708,26.4866352526888,2.851750112303938,2.7688248038752254
early_mid,WDAY,twap,60.539811362141,4.300783259929598,7.043114592467793,2.8368006615847516
early_mid,WDAY,ac_ra,58.542991884186435,2.2926654634945156,8.539392158940275,2.123322071490804
early_mid,WDAY,vwap_following,61.26858960298551,5.033685042615339,6.060526064050818,4.269274243778224
early_mid,WDAY,pov_5pct_cap,61.26858960298551,5.033685042615339,6.060526064050818,4.269274243778224
early_mid,WDAY,toth,61.26623162974236,5.031313727588943,6.060635590428744,4.269136341469346
early_mid,WDAY,rl_v4,58.72790085545279,2.4786206787855884,9.651051892547853,1.8501735990679737
early_mid,WDC,twap,-43.50201391431505,-2.1200365424880925,4.594464585826816,3.1547133062637807
early_mid,WDC,ac_ra,-32.207689491024844,9.127752172732635,5.0547988409889175,4.877055694735312
early_mid,WDC,vwap_following,-41.785133650676556,-0.4102302954746391,4.422922368250722,1.684005724871724
early_mid,WDC,pov_5pct_cap,-41.785133650676556,-0.4102302954746391,4.422922368250722,1.684005724871724
early_mid,WDC,toth,-41.785133650676556,-0.4102302954746391,4.422922368250722,1.684005724871724
early_mid,WDC,rl_v4,-25.372537532037644,15.934741434753388,5.749125781074668,5.782940845067582
early_mid,WLTW,twap,15.862271667312422,3.5388646205631153,7.005133064517852,3.2327982212368926
early_mid,WLTW,ac_ra,12.380684026426497,0.05297966098678246,7.990057145246148,3.2716942770927244
early_mid,WLTW,vwap_following,17.12198795180604,4.8001357710811865,7.728423490372694,5.384814915920234
early_mid,WLTW,pov_5pct_cap,17.122959580257014,4.801108598811776,7.728326914117518,5.38542321205351
early_mid,WLTW,toth,7.625437232800454,-4.708136527016635,6.54026870741231,4.296295828167331
early_mid,WLTW,rl_v4,10.691070734552746,-1.6387191181783014,8.221628953174775,2.9789618148859125
early_mid,XEL,twap,-1.7424172440390722,-1.0867495439377686,1.7188986757686466,1.1431060559240864
early_mid,XEL,ac_ra,6.549191685907223,7.204315826703513,1.8270192801394352,0.015863194850784954
early_mid,XEL,vwap_following,0.7105465742859023,1.3660534694916089,1.539640012681939,3.175437036901545
early_mid,XEL,pov_5pct_cap,0.7105465742859023,1.3660534694916089,1.539640012681939,3.175437036901545
early_mid,XEL,toth,0.7105465742859023,1.3660534694916089,1.539640012681939,3.175437036901545
early_mid,XEL,rl_v4,7.224326404921726,7.87940628702688,2.01311261199946,-0.017841186165010434
early_mid,XLNX,twap,-3.1150606222887913,7.091273987015302,3.3588093941734902,1.210882459386255
early_mid,XLNX,ac_ra,-13.833666066125456,-3.616395096193507,4.0237262959185145,3.2484905786544043
early_mid,XLNX,vwap_following,-1.1127233773176166,9.091568216006054,3.3631196334989726,3.2145858177986044
early_mid,XLNX,pov_5pct_cap,-1.1127233773176166,9.091568216006054,3.3631196334989726,3.2145858177986044
early_mid,XLNX,toth,-1.1127233773176166,9.091568216006054,3.3631196334989726,3.2145858177986044
early_mid,XLNX,rl_v4,-14.498417490390015,-4.280468264192198,4.264451211076693,4.0096716786614
mid,AAL,twap,9.635175701925883,9.184842887553463,3.5344837573329606,1.6504283169020064
mid,AAL,ac_ra,3.1644004944394872,2.7137759987859917,3.5321936169200496,2.1836830452989666
mid,AAL,vwap_following,8.512096062155068,8.061712623043327,3.534086542937337,-0.6513841073082259
mid,AAL,pov_5pct_cap,8.512096062155068,8.061712623043327,3.534086542937337,-0.6513841073082259
mid,AAL,toth,8.512096062155068,8.061712623043327,3.534086542937337,-0.6513841073082259
mid,AAL,rl_v4,2.138442521620324,1.6877717791530775,3.5318299002083284,2.0907860926624475
mid,AAPL,twap,-3.6753963111073054,0.8104012000453314,0.7003086074820871,0.026055501522338882
mid,AAPL,ac_ra,-6.149515575852964,-1.662608632656562,0.6009790627591282,0.937426568083716
mid,AAPL,vwap_following,-4.2873038200770095,0.1987680795450694,0.6791061706882209,0.10540847853498005
mid,AAPL,pov_5pct_cap,-4.2873038200770095,0.1987680795450694,0.6791061706882209,0.10540847853498005
mid,AAPL,toth,-4.289137203458567,0.19693551828001285,0.6790428356090435,0.1056454060261424
mid,AAPL,rl_v4,-5.608793918213923,-1.1221294426876496,0.6229066179538807,0.9880933025162218
mid,ADBE,twap,0.6514635513264834,1.7214226727743618,2.495716803767792,1.0553634574463264
mid,ADBE,ac_ra,2.2657240160420713,3.335510406966324,2.4004998151447943,1.1238921075660462
mid,ADBE,vwap_following,-0.1914615395654287,0.8785877772973218,2.651701347384184,-0.08937052059115189
mid,ADBE,pov_5pct_cap,-0.1952838729132831,0.8747658529501555,2.651930515202396,-0.08849345842179587
mid,ADBE,toth,-0.19439295311105076,0.8756566774214004,2.651815728074832,-0.08945619692120904
mid,ADBE,rl_v4,2.991938612753328,4.061647296622061,2.268113125540607,0.9489545562101666
mid,ADI,twap,-13.84444816333671,2.4691763431677467,2.8963861269408517,1.7903063280176084
mid,ADI,ac_ra,-5.517278888801112,10.78277976759951,3.0516557129919106,1.9211712763568223
mid,ADI,vwap_following,-13.635762697681844,2.6775218378609815,3.0320772729152052,1.4514582871644333
mid,ADI,pov_5pct_cap,-13.635762697681844,2.6775218378609815,3.0317431802335397,1.451834432882126
mid,ADI,toth,-13.635344322650333,2.6779395313147827,3.032244357255538,1.4517506882837299
mid,ADI,rl_v4,-3.352355451430309,12.944176312953426,3.119327121439724,2.008417314825112
mid,ADP,twap,-3.4759397854352896,-1.761748709539315,1.8956954664467511,1.0622632973070982
mid,ADP,ac_ra,0.8740217979044297,2.5874674663668746,1.5993245689418003,0.8541439045473727
mid,ADP,vwap_following,-3.673657551010528,-1.9594325942883948,1.872623634992894,0.5017237881533203
mid,ADP,pov_5pct_cap,-3.671608662248434,-1.9573840566229448,1.8725671713555827,0.5036863429192155
mid,ADP,toth,-2.6790927975891474,-0.9650382690296831,1.6571375020978063,0.10480770526063526
mid,ADP,rl_v4,2.1606101135452884,3.8738353128205922,1.5639237205335186,0.6766607517546003
mid,ADSK,twap,-11.235758921654538,1.8107317893175527,3.618395771470183,1.611397045391962
mid,ADSK,ac_ra,-5.705675773379185,7.333608217047884,3.4278532868471907,2.1762684047920526
mid,ADSK,vwap_following,-12.546299643652738,0.5018989441257369,3.5003527723307797,0.19477522096890343
mid,ADSK,pov_5pct_cap,-12.546144708980979,0.5020536768889798,3.5002503045533437,0.19493006463518198
mid,ADSK,toth,-12.54836543924145,0.49983584065052467,3.5002490188875823,0.19498134233371417
mid,ADSK,rl_v4,-2.84909363218569,10.186467703689267,3.4345756001407195,2.1794501657412915
mid,ALGN,twap,-7.601863044868334,5.954445605731486,7.358499867513581,3.802347831999087
mid,ALGN,ac_ra,-10.352200810641019,3.207833450565264,7.4812005087730284,4.784189721420186
mid,ALGN,vwap_following,-3.89159496551324,9.659687751806207,7.315685866145792,5.586933931622957
mid,ALGN,pov_5pct_cap,-3.8904572281871754,9.66082394795202,7.315970723793101,5.587023034371567
mid,ALGN,toth,-3.892057171302333,9.659226172121592,7.316111863347306,5.586578185823305
mid,ALGN,rl_v4,-10.094752186581216,3.4649333344316435,7.410451315492809,5.2046298976611824
mid,ALXN,twap,-5.385647863851482,4.882909443994317,5.463308462538685,2.648109540757947
mid,ALXN,ac_ra,-12.174752171244076,-1.8992271852794151,5.09034715280227,3.5597703947285924
mid,ALXN,vwap_following,-7.19878936748971,3.071628772920931,5.755160756473271,1.2563033231703788
mid,ALXN,pov_5pct_cap,-7.18747258531324,3.082933940649901,5.7560440630942455,1.2567876014761965
mid,ALXN,toth,-7.1951925607526315,3.0752218882444637,5.7554260480173784,1.2563045845479084
mid,ALXN,rl_v4,-12.01429949996329,-1.7389391870565423,5.367551126005217,4.1874503154761555
mid,AMAT,twap,1.8211899459129115,0.14067162431616326,1.8564082596261016,0.9824805246066194
mid,AMAT,ac_ra,4.76885141584285,3.0888285443875914,1.8985451372235278,0.7242853212505335
mid,AMAT,vwap_following,3.284441616291184,1.6041692416101583,2.394698373882194,1.2716569918772145
mid,AMAT,pov_5pct_cap,3.284441616291184,1.6041692416101583,2.394698373882194,1.2716569918772145
mid,AMAT,toth,3.2830098631881457,1.6027372478545605,2.394698145895967,1.2714975914690136
mid,AMAT,rl_v4,4.737193763925522,3.0571655713747843,1.9183685500582948,0.5987309727346541
mid,AMD,twap,-43.93855911207955,5.936889359457773,1.9731186738906314,2.046490371394888
mid,AMD,ac_ra,-14.074720047565362,35.65243277703441,1.9789958190530548,2.085635876970679
mid,AMD,vwap_following,-41.82063224655727,8.044299180134926,1.9735340931320835,2.7500838376898256
mid,AMD,pov_5pct_cap,-41.82063224655727,8.044299180134926,1.9735340931320835,2.7500838376898256
mid,AMD,toth,-41.82063224655727,8.044299180134926,1.9735340931320835,2.7500838376898256
mid,AMD,rl_v4,-6.494698245966334,43.194814266065436,1.9075380874351984,1.7487659550993007
mid,AMGN,twap,3.9350595460404016,2.0628095553113863,2.9885695705678392,1.2977861716466856
mid,AMGN,ac_ra,-1.3961160214119686,-3.269364534406115,3.1129332105629857,1.4834755385991347
mid,AMGN,vwap_following,3.693721731191717,1.821426538203182,2.6880849386778145,1.1306196166699107
mid,AMGN,pov_5pct_cap,3.6936387401964494,1.8213435316638085,2.687835751996115,1.130432670585067
mid,AMGN,toth,3.693721731191717,1.821426538203182,2.6880849386778145,1.1306196166699107
mid,AMGN,rl_v4,-2.676293622153427,-4.549781910750813,3.0989488011787034,1.80431339512258
mid,AMZN,twap,-2.0817414291900933,4.115869823637614,2.1244544255745548,0.8987384038289906
mid,AMZN,ac_ra,-0.5293674476774385,5.667281904347502,2.137282981842605,1.1726291794191976
mid,AMZN,vwap_following,-2.2483611765735994,3.9493533192037282,1.9398997025567408,0.02051898548163056
mid,AMZN,pov_5pct_cap,-2.2483611765735994,3.9493533192037282,1.9398997025567408,0.02051898548163056
mid,AMZN,toth,-2.2479643735190704,3.949749876386333,1.9399480492586523,0.02032582269497135
mid,AMZN,rl_v4,0.48996597680990783,6.685983717089883,2.202403920054198,1.1618500322743714
mid,ANSS,twap,-4.284780994805319,3.436947553782981,6.047507769963747,3.26638894100209
mid,ANSS,ac_ra,0.560504825534685,8.278493578359067,5.550906178875109,2.8118613485459476
mid,ANSS,vwap_following,-3.5831106161853112,4.138076353638199,6.67682502588837,3.919478820944159
mid,ANSS,pov_5pct_cap,-3.583964365257278,4.13722326352574,6.6764536743309115,3.9194413312943697
mid,ANSS,toth,0.3821455085369364,8.100271926597776,6.203106341943435,2.238510163345415
mid,ANSS,rl_v4,1.7970675575367157,9.514101879138991,5.527531419995885,2.6873165192256505
mid,ASML,twap,10.504342607561574,0.7562373458544741,5.087988300036568,2.3204385149349767
mid,ASML,ac_ra,7.494490472931833,-2.2565519095706326,4.972017413683902,2.1014093702712286
mid,ASML,vwap_following,9.90991381466003,0.1612284881886507,4.622114680856471,2.93145063765648
mid,ASML,pov_5pct_cap,9.91064730691673,0.1619626962131894,4.622148047086919,2.9330696095911253
mid,ASML,toth,7.09573740977045,-2.6556940901576023,4.335026784445143,0.5704172011973714
mid,ASML,rl_v4,6.13782986312609,-3.6145363970657365,4.720693113416073,1.9484572951189378
mid,ATVI,twap,-1.0663386633874,-0.16470383224689233,1.8584126452286556,0.876598127386818
mid,ATVI,ac_ra,7.444526445260487,8.34539398897731,1.979013198688946,0.5065781899967364
mid,ATVI,vwap_following,-0.5823698236996707,0.31922137577714504,1.7615427833123927,0.026681433100016264
mid,ATVI,pov_5pct_cap,-0.5823698236996707,0.31922137577714504,1.7615427833123927,0.026681433100016264
mid,ATVI,toth,-0.5813858138585607,0.32020529690596,1.7615429449300923,0.027994765510540573
mid,ATVI,rl_v4,10.003608036079264,10.904244868687902,1.8687886486642056,-0.04552507686155648
mid,AVGO,twap,-9.214199049023836,1.8021531652381102,3.2812571723611463,1.919454938302863
mid,AVGO,ac_ra,-1.3346122315120825,9.673067543339704,3.1580313493959027,1.7515514372966803
mid,AVGO,vwap_following,-9.427447122478805,1.5891397971096017,3.2982972971368523,3.197485849038438
mid,AVGO,pov_5pct_cap,-9.427775045090105,1.5888122354168426,3.2980350105217853,3.1977804410738733
mid,AVGO,toth,-9.427447122478805,1.5891397971096017,3.2982972971368523,3.197485849038438
mid,AVGO,rl_v4,0.04623708804418891,11.052397071016559,3.097699459683772,1.6781096569653073
mid,BIDU,twap,-38.5199165947709,4.62185184829152,2.98503330295077,2.0126542033994155
mid,BIDU,ac_ra,-24.159404659190283,18.920647725549184,3.1855056987347505,3.5079557093216924
mid,BIDU,vwap_following,-38.08340523439929,5.056487247646128,2.9575353690640727,0.9647376778157712
mid,BIDU,pov_5pct_cap,-38.08340523439929,5.056487247646128,2.9575353690640727,0.9647376778157712
mid,BIDU,toth,-38.08290192694957,5.056988392070463,2.9576071847410206,0.9644867277777726
mid,BIDU,rl_v4,-18.439027897610913,24.616440467601215,3.188081135912933,3.7920226554476333
mid,BIIB,twap,7.05142378852063,-0.4982783539091393,5.099905630238682,2.085461886915168
mid,BIIB,ac_ra,-2.195267407188199,-9.75195545210693,4.99016449966036,2.4928942247738375
mid,BIIB,vwap_following,3.3948768026234495,-4.157587871846065,5.023209342558044,1.4835431497393026
mid,BIIB,pov_5pct_cap,3.3847629344173784,-4.167709381109416,5.0234500485304885,1.4824058294729328
mid,BIIB,toth,3.3886689800693373,-4.163800384428439,5.023277103696453,1.482564111962039
mid,BIIB,rl_v4,-4.081852581653053,-11.639965947239142,4.622494156126925,2.7361729702083375
mid,BKNG,twap,-3.517338388792964,2.4862081949605295,8.517754828578202,4.14953485621644
mid,BKNG,ac_ra,1.043252885681457,7.044062459917238,7.481618227890163,3.9061922323727707
mid,BKNG,vwap_following,-4.636958547996798,1.367259968593368,6.773600134493753,3.2212048906231194
mid,BKNG,pov_5pct_cap,-4.638910318341269,1.3653093695913148,6.774545873250191,3.2216200179466576
mid,BKNG,toth,-0.32464122226561803,5.67698928482017,6.355825936572472,3.797816220215193
mid,BKNG,rl_v4,1.9062760854643852,7.906567721878149,6.71539052934013,3.139299689756603
mid,BMRN,twap,31.255127987793045,-0.14849159026469544,4.079255528652576,1.5305606738823667
mid,BMRN,ac_ra,18.669831044814522,-12.773434836017378,4.3923245781435405,0.472869215165821
mid,BMRN,vwap_following,32.027349268236094,0.6261623478130364,4.638595540410444,3.5316407816036337
mid,BMRN,pov_5pct_cap,32.029157484319775,0.6279762601534409,4.638936424473971,3.5309605988235226
mid,BMRN,toth,32.030513646380925,0.6293366944071331,4.638823655833671,3.531357450081318
mid,BMRN,rl_v4,17.383511329595983,-14.06380672585881,3.9472754830780254,0.4024161086985935
mid,CDNS,twap,5.502485529455729,4.068142382075982,2.4985826463888756,1.1030935465306881
mid,CDNS,ac_ra,9.135580524347771,7.701758774357153,2.9653653358609304,0.6670700921435211
mid,CDNS,vwap_following,4.9953013278849,3.560885392835445,2.1712648941507333,-0.28546755820676833
mid,CDNS,pov_5pct_cap,4.994756554305859,3.560340541074159,2.171401050355759,-0.28574011205133887
mid,CDNS,toth,5.383452502554202,3.9490922723540125,2.14516349834182,-0.27668550235304706
mid,CDNS,rl_v4,9.516513449097193,8.082746368041098,3.244423762895743,0.5960701478603024
mid,CDW,twap,6.444719862939501,-2.2474887832520505,2.9547540381784865,0.7941994870447808
mid,CDW,ac_ra,4.7299238143794895,-3.963776329544543,3.0598184976529237,1.2340645058168425
mid,CDW,vwap_following,6.822075602375758,-1.869804826807024,2.531823805695753,-0.30901745953349863
mid,CDW,pov_5pct_cap,6.82659570590173,-1.865280791779014,2.5320437027187834,-0.3090174262633477
mid,CDW,toth,6.32996755732181,-2.3623408982924254,2.5584348746344796,-0.28777326448368135
mid,CDW,rl_v4,4.057959391974253,-4.63632521411551,2.813352077465427,1.1090976149343743
mid,CERN,twap,8.135347272610087,1.9408773502704586,3.2119642572934435,1.518155124808522
mid,CERN,ac_ra,8.393641580371803,2.1993317879354666,3.379344421102998,1.104705450009145
mid,CERN,vwap_following,8.28916298397073,2.0947884198881166,3.1622074563316764,1.344888268422427
mid,CERN,pov_5pct_cap,8.289294901391967,2.094920419091736,3.1620754518538807,1.3447562290764283
mid,CERN,toth,8.28916298397073,2.0947884198881166,3.1622074563316764,1.344888268422427
mid,CERN,rl_v4,8.151968867485342,1.9575092497258013,3.664937298189764,1.0748042039442196
mid,CHKP,twap,-5.797860212219993,2.251154185344324,3.213212742752809,1.4768387185274943
mid,CHKP,ac_ra,-4.805051302288166,3.243164445001409,3.047739958518252,1.9344902847829162
mid,CHKP,vwap_following,-6.257213014118463,1.7921709029352235,3.3371456818242806,2.303703230953287
mid,CHKP,pov_5pct_cap,-6.257125317900884,1.7922585286068922,3.3370584415935935,2.3034831070121995
mid,CHKP,toth,-8.327019205472581,-0.27597026379345935,3.4742388426474067,1.999207726664213
mid,CHKP,rl_v4,-3.3323686749162746,4.714662394865682,2.925232085833282,1.9506975013653138
mid,CHTR,twap,8.183641150502494,2.437588011072575,4.8663393579703005,2.3068609683558345
mid,CHTR,ac_ra,8.463408357586104,2.7175161055445063,5.603484182618548,3.100516116522099
mid,CHTR,vwap_following,7.892867747493503,2.146647391276844,4.76580047802442,1.298017180854328
mid,CHTR,pov_5pct_cap,7.891957162935607,2.1457362830636812,4.765483042743343,1.2970856783528963
mid,CHTR,toth,7.67814795019392,1.9318041137889692,4.817420793056,2.706798318025785
mid,CHTR,rl_v4,7.435595938001389,1.6891126157711303,5.171922651431876,2.2585143058454227
mid,CMCSA,twap,7.754663294338977,3.4358455763195908,2.1091176666172,0.8095605580640248
mid,CMCSA,ac_ra,7.356939614289147,3.0379499933572123,2.109033540221158,0.7311704105589849
mid,CMCSA,vwap_following,7.6688797555069605,3.3500249603887906,2.109099346624956,0.49485899767453645
mid,CMCSA,pov_5pct_cap,7.6688797555069605,3.3500249603887906,2.109099346624956,0.49485899767453645
mid,CMCSA,toth,7.668668985140309,3.3498140989236154,2.1090993021351925,0.49528091635323185
mid,CMCSA,rl_v4,7.007482347983985,2.6883416857012277,2.1089597765432955,0.5134925213785306
mid,COST,twap,-16.802050707198354,0.7015838304585236,2.1219017739449924,1.4458490045460288
mid,COST,ac_ra,-9.612541624081274,7.87852976828642,1.9393120027244795,1.6005247833488359
mid,COST,vwap_following,-15.065543503348243,2.4350566140101897,2.1001773872413447,2.0250024938171594
mid,COST,pov_5pct_cap,-15.064851142397274,2.435747765110649,2.10017754626288,2.0244598020085274
mid,COST,toth,-15.065543503348243,2.4350566140101897,2.1001773872413447,2.0250024938171594
mid,COST,rl_v4,-7.5220731265106116,9.965345323889304,1.8228618009376103,1.7093689010567559
mid,CPRT,twap,-24.07304850958146,0.9902793717343877,3.6930038492862565,2.1403232922858857
mid,CPRT,ac_ra,-17.056155395977232,7.989628050859406,3.631488331434819,2.5898184652206475
mid,CPRT,vwap_following,-23.18902722529315,1.8720903254320387,4.079904079441681,3.801712093491846
mid,CPRT,pov_5pct_cap,-23.189337190681034,1.8717811350548823,4.079801066040084,3.802021414203792
mid,CPRT,toth,-23.18902722529315,1.8720903254320387,4.079904079441681,3.801712093491846
mid,CPRT,rl_v4,-12.79661104510284,12.23852220433656,3.975426371243018,3.1487751043646646
mid,CSCO,twap,6.086335340341023,1.194145799050033,2.0420594529289895,0.9196730591966724
mid,CSCO,ac_ra,4.614756607817173,-0.2781532961191237,2.0417590832088384,0.7566879316762056
mid,CSCO,vwap_following,5.456679252986892,0.5641814844059205,2.0419307697015188,0.16968540371218743
mid,CSCO,pov_5pct_cap,5.456679252986892,0.5641814844059205,2.0419307697015188,0.16968540371218743
mid,CSCO,toth,5.456679252986892,0.5641814844059205,2.0419307697015188,0.16968540371218743
mid,CSCO,rl_v4,3.837126237368018,-1.0561643297691978,2.041600318122204,0.7165413372111848
mid,CSGP,twap,-5.164469896437651,9.963296429950685,15.190290339914313,7.717904346328918
mid,CSGP,ac_ra,-4.521482800708865,10.605311331912507,13.186757141568497,7.493675113754169
mid,CSGP,vwap_following,-6.609885849831326,8.52006593936006,17.5166361740204,8.010234751785084
mid,CSGP,pov_5pct_cap,-6.609885849831326,8.52006593936006,17.5166361740204,8.010234751785084
mid,CSGP,toth,4.170127507351988,19.283779961979363,22.750927703617673,10.952792967810472
mid,CSGP,rl_v4,-3.1279142069758126,11.996772855830844,12.527341873939873,7.325165997481294
mid,CSX,twap,23.943485904032446,4.925628209621342,2.5885452628338084,1.0330817135648735
mid,CSX,ac_ra,11.938798098830958,-7.101944735016014,2.758000998072159,0.6778387035607594
mid,CSX,vwap_following,23.896998502504147,4.879052186824147,2.7822110259173116,-1.7584180737218993
mid,CSX,pov_5pct_cap,23.896998502504147,4.879052186824147,2.7822110259173116,-1.7584180737218993
mid,CSX,toth,23.89804023699499,4.880095907225783,2.782080894793858,-1.7564605642051916
mid,CSX,rl_v4,8.269939449184253,-10.777797514216946,2.7876653043829047,0.6823394901423543
mid,CTAS,twap,9.204373806223568,3.9579675585004606,4.7004031568703075,2.0450703698544275
mid,CTAS,ac_ra,6.371843622406122,1.1239499451919859,4.976915117810439,2.6303226236110873
mid,CTAS,vwap_following,8.613103895421638,3.366387157696515,4.392225188422748,1.839701287757859
mid,CTAS,pov_5pct_cap,8.612753430179914,3.366036508417092,4.3922250163157415,1.8395434244176807
mid,CTAS,toth,9.525680340653583,4.279442818692941,4.968372761748135,3.062855236663114
mid,CTAS,rl_v4,6.3108626701946156,1.062936970420851,4.985930486408314,2.739032883044641
mid,CTSH,twap,-10.585967985984455,1.7910451607923414,1.6173322800625969,0.995200435162937
mid,CTSH,ac_ra,-7.831647686555183,4.541960039333619,1.5953411277172245,1.3125306611193437
mid,CTSH,vwap_following,-10.804810066101147,1.5724736553764058,1.5908917541545495,0.7285671455253234
mid,CTSH,pov_5pct_cap,-10.80465079239081,1.5726327321619293,1.5908917794299116,0.7290447131080282
mid,CTSH,toth,-10.804810066101147,1.5724736553764058,1.5908917541545495,0.7285671455253234
mid,CTSH,rl_v4,-6.603010273160264,5.769078374677878,1.5931504450051017,1.5115310949246
mid,CTXS,twap,-9.864968806081604,1.2412366590251875,2.0786225159908276,1.126431513971368
mid,CTXS,ac_ra,-4.99529954705156,6.1055028933884214,2.4573877123103944,1.6699102159913395
mid,CTXS,vwap_following,-8.70464062900654,2.4002774218162717,2.160826840966356,1.1276700557852806
mid,CTXS,pov_5pct_cap,-8.705324331254914,2.3995944781533205,2.160997402032093,1.1276273463250968
mid,CTXS,toth,-7.715836253311636,3.387984693344887,2.1180488559269652,1.1829219191242972
mid,CTXS,rl_v4,-3.1148619776107926,7.983854068449685,2.5567192174646833,1.7473863486611583
mid,DLTR,twap,-35.32971372161622,3.4326887171480167,3.8258696110913215,2.708601942670698
mid,DLTR,ac_ra,-21.469891411648366,17.238976163246463,4.1130574612122,3.665319289175718
mid,DLTR,vwap_following,-34.70428869145597,4.055697984457825,3.7422991315419862,2.9029272108933455
mid,DLTR,pov_5pct_cap,-34.70428869145597,4.055697984457825,3.7422991315419862,2.9029272108933455
mid,DLTR,toth,-34.70428869145597,4.055697984457825,3.7422991315419862,2.9029272108933455
mid,DLTR,rl_v4,-16.611495009322184,22.07860655369996,4.158308897045614,4.010037312532791
mid,EA,twap,-6.3322036921421905,0.3109558723426571,2.62888488232881,1.5757402508633809
mid,EA,ac_ra,0.03415678230239218,6.673089748307813,2.362052902588243,1.2710714397376681
mid,EA,vwap_following,-7.1259252653171865,-0.4822387526006554,2.819975758820615,0.38269190481568166
mid,EA,pov_5pct_cap,-7.126460358511235,-0.4827734905487046,2.8200648890187385,0.38282541574576096
mid,EA,toth,-7.1254793543208805,-0.4817931376426812,2.819797791312343,0.38322620781809896
mid,EA,rl_v4,1.611879068932645,8.249764592110347,2.2250129242191834,1.0579557645773443
mid,EBAY,twap,-8.443228070171628,6.836630232739323,2.804259502625261,1.6832182634511115
mid,EBAY,ac_ra,-1.2395789473701593,14.029281567438083,2.806277037037884,1.3964383855565143
mid,EBAY,vwap_following,-7.232842105263683,8.045168305261392,2.8045971811390604,2.618070864734589
mid,EBAY,pov_5pct_cap,-7.232842105263683,8.045168305261392,2.8045971811390604,2.618070864734589
mid,EBAY,toth,-7.232842105263683,8.045168305261392,2.8045971811390604,2.618070864734589
mid,EBAY,rl_v4,-0.15831578946689293,15.108893964332426,2.8065797928144645,1.4256195043073918
mid,EXC,twap,7.628532119804983,3.481195488705208,2.118018863168939,1.0232635115524493
mid,EXC,ac_ra,6.073658588210186,1.925676606407124,2.1176890091426372,0.6912556974792552
mid,EXC,vwap_following,8.179701555720706,4.032593687652698,2.118135902337302,2.4889876215736444
mid,EXC,pov_5pct_cap,8.179701555720706,4.032593687652698,2.118135902337302,2.4889876215736444
mid,EXC,toth,8.179701555720706,4.032593687652698,2.118135902337302,2.4889876215736444
mid,EXC,rl_v4,4.799661339819179,0.6511505850943784,2.117418952182634,0.6407579049645187
mid,EXPE,twap,-6.072986803126153,1.5454432148122101,3.0963380190136083,1.8330183689715631
mid,EXPE,ac_ra,-0.10808869736716882,7.505799762774965,3.370622457730759,1.7285568592708327
mid,EXPE,vwap_following,-5.656073256127931,1.9620393319170535,2.943298740138755,2.53966805318872
mid,EXPE,pov_5pct_cap,-5.655714157465204,1.962398157169019,2.9432988768777295,2.5396235077964815
mid,EXPE,toth,-5.656073256127931,1.9620393319170535,2.943298740138755,2.53966805318872
mid,EXPE,rl_v4,1.237274441145607,8.850138567872124,3.560769554550499,1.765931804440135
mid,FAST,twap,-63.44614970382311,-26.16889631774378,4.8145662627302475,2.3746122469603037
mid,FAST,ac_ra,-58.75901992461421,-21.49912871465564,5.1796693219175465,6.4929175582561784
mid,FAST,vwap_following,-62.3244480344645,-25.051349682031717,5.746101911997196,-0.7919894052380637
mid,FAST,pov_5pct_cap,-62.3244480344645,-25.051349682031717,5.746101911997196,-0.7919894052380637
mid,FAST,toth,-62.31583198707695,-25.042765550409094,5.745036709925862,-0.7906522267250201
mid,FAST,rl_v4,-54.33010231556122,-17.086616806143272,4.976204417794829,8.250999412920507
mid,FB,twap,-5.469313916150806,-1.042824143568618,0.8435468920190462,0.5467977650182003
mid,FB,ac_ra,-2.0049748993673684,2.4199822253453966,0.7919633333168876,0.443943213017111
mid,FB,vwap_following,-5.527294107004902,-1.1007786835797821,0.8098935010163588,0.048849420601578916
mid,FB,pov_5pct_cap,-5.527294107004902,-1.1007786835797821,0.8098935010163588,0.048849420601578916
mid,FB,toth,-5.5278820496576815,-1.1013663661226099,0.809983839260968,0.04914340522392185
mid,FB,rl_v4,-0.957306318121807,3.4671873106654356,0.8341252899492906,0.4737171281129894
mid,FISV,twap,10.511362690418517,2.9707456924215037,1.3056906959195411,0.2714047807025907
mid,FISV,ac_ra,6.008324315318639,-1.535691824410924,1.3201018280676207,0.09901256056845037
mid,FISV,vwap_following,9.226837592607259,1.6852509642178828,1.0904873405902689,-0.5257480140240497
mid,FISV,pov_5pct_cap,9.226837592607259,1.6852509642178828,1.0904873405902689,-0.5257480140240497
mid,FISV,toth,9.226754349454218,1.6851676582283188,1.0904873336423506,-0.5265815800625528
mid,FISV,rl_v4,4.199200865734401,-3.3461809001578926,1.4484247742907779,0.24385562489637494
mid,FOX,twap,3.3635539437879447,0.8281762306023146,2.5908744988147756,1.2537674779685526
mid,FOX,ac_ra,2.1212278202291026,-0.41446497553287015,2.5905526200653517,1.4208245779078092
mid,FOX,vwap_following,2.6504338816220736,0.11487530473071635,2.5906893873138395,-1.890479137613693
mid,FOX,pov_5pct_cap,2.6499158140137182,0.11435710572845911,2.590689253221093,-1.889702136836773
mid,FOX,toth,2.6504338816220736,0.11487530473071635,2.5906893873138395,-1.8907382721044934
mid,FOX,rl_v4,1.4751975132780721,-1.0606591306793536,2.590385205449174,1.4187198342102443
mid,FOXA,twap,0.6721539825231371,0.9247989997102877,2.574498633826589,1.2886621306420711
mid,FOXA,ac_ra,-0.14030644549129287,0.11235909948352107,2.538329914101005,1.3731811986756346
mid,FOXA,vwap_following,0.4267443332916133,0.6793955510480423,2.532394858056959,-4.2053875799700595
mid,FOXA,pov_5pct_cap,0.4267443332916133,0.6793955510480423,2.532394858056959,-4.204627701550606
mid,FOXA,toth,0.4267443332916133,0.6793955510480423,2.532394858056959,-4.204627701550606
mid,FOXA,rl_v4,-0.4814486513803428,-0.22877448703832765,2.532925039913237,1.4618713125973497
mid,GILD,twap,-9.934155069582344,1.1956875639314748,1.6152311452277035,1.206921673893643
mid,GILD,ac_ra,-1.889940357853603,9.230958076581105,1.5993861466202686,0.6769170343550295
mid,GILD,vwap_following,-10.274353876741609,0.8558670169214908,1.5887002933648282,-0.24190218170793276
mid,GILD,pov_5pct_cap,-10.274353876741609,0.8558670169214908,1.5887002933648282,-0.24190218170793276
mid,GILD,toth,-10.275626242545826,0.8545960658349888,1.5887000915144467,-0.24031422484385245
mid,GILD,rl_v4,0.32763419483669187,11.446066953132359,1.6016626214439145,0.6129492752973379
mid,GOOG,twap,5.262059040181464,-2.751211649919229,2.9740743118237623,1.3681549607302315
mid,GOOG,ac_ra,6.461217362831005,-1.5510919033387727,3.258858272422419,1.2185133426295196
mid,GOOG,vwap_following,5.307512345509015,-2.705721902451675,2.922767551873338,1.3248399341316444
mid,GOOG,pov_5pct_cap,5.307000791202926,-2.706233866895894,2.922910681139893,1.3241269259717476
mid,GOOG,toth,5.307068998445185,-2.7061656049685494,2.9227333422458637,1.3242873294293587
mid,GOOG,rl_v4,6.755715766781665,-1.2563573856007773,3.2230130802702055,1.021626136959661
mid,GOOGL,twap,2.416752561484601,1.4297896386458313,2.6693901122410173,1.2961338873114843
mid,GOOGL,ac_ra,4.324586851608943,3.3378122704584268,2.658785727509417,1.1733438679304469
mid,GOOGL,vwap_following,2.3908475941468263,1.4038821139657827,2.908440474594067,0.9326183571003345
mid,GOOGL,pov_5pct_cap,2.3908066376752792,1.4038411534510065,2.9082971767654366,0.9335260545950779
mid,GOOGL,toth,2.716274053391148,1.7293406993591383,2.9987291013071076,0.7817463432924852
mid,GOOGL,rl_v4,4.944804330457546,3.958090977269885,2.694655295536924,1.0121525254898607
mid,IDXX,twap,-10.165045007545018,2.5008767621671257,9.071745239642436,4.780723093304462
mid,IDXX,ac_ra,-5.3653155731346995,7.294533070184553,9.065613390854574,5.277870778356636
mid,IDXX,vwap_following,-10.74145376970734,1.925197333462952,9.408373253391686,4.483836364395044
mid,IDXX,pov_5pct_cap,-10.73770747697776,1.9289388859859096,9.40889645785114,4.484116219038842
mid,IDXX,toth,0.07391990564961295,12.726886251748834,11.525464732845803,7.289168127909992
mid,IDXX,rl_v4,-3.4505090448723568,9.206916782281322,9.68894294071134,5.7699946191306175
mid,ILMN,twap,-18.233134139372044,1.6673376249734377,5.450388618132713,2.7358692175429162
mid,ILMN,ac_ra,-19.87338058399145,0.030349407390740546,5.790329905433214,3.8170563927946706
mid,ILMN,vwap_following,-21.969580457374175,-2.061686521528512,4.5748685219828165,-0.09621673591752725
mid,ILMN,pov_5pct_cap,-21.96488627414618,-2.0570016629448444,4.574993807050649,-0.09654059792186723
mid,ILMN,toth,-21.963836259475997,-2.0559537340503686,4.574809136167147,-0.09483175823543857
mid,ILMN,rl_v4,-17.62548447368157,2.2737802399941187,5.492789229615698,4.41360965898336
mid,INCY,twap,-2.377017511058764,3.798430117582224,4.2171322873599015,2.1431105260256778
mid,INCY,ac_ra,0.8847759705859832,7.058209774434517,4.85311842535803,2.441353369611719
mid,INCY,vwap_following,-4.897737894934231,1.2792660214461438,3.346226396742013,-0.7349663932101255
mid,INCY,pov_5pct_cap,-4.897862528823641,1.279141464505448,3.3462263501934237,-0.7356516893563148
mid,INCY,toth,-4.8984856982618386,1.2785186798108192,3.3461016543749715,-0.7350910813501641
mid,INCY,rl_v4,0.9980681747371832,7.171432032204748,4.696294165684513,2.3222045218178295
mid,INTC,twap,-7.760794545917607,1.5307404229405523,1.6819136756805424,1.0104858745982455
mid,INTC,ac_ra,-1.5151923238745055,7.7705440220310225,1.6829637168521228,1.0449879459807516
mid,INTC,vwap_following,-7.596161939230494,1.6952201792894672,1.6819412098939017,1.359274836321578
mid,INTC,pov_5pct_cap,-7.596161939230494,1.6952201792894672,1.6819412098939017,1.359274836321578
mid,INTC,toth,-7.596161939230494,1.6952201792894672,1.6819412098939017,1.359274836321578
mid,INTC,rl_v4,-0.7083578823245008,8.576629371892922,1.6830993927907627,1.0055548039077458
mid,INTU,twap,-15.221077199281352,2.537964741060197,2.5929779141070712,1.5852292986953376
mid,INTU,ac_ra,-6.1811490125673405,11.561863280243907,2.6246561702917086,1.7518959928281612
mid,INTU,vwap_following,-12.247468581689771,5.506300540433695,2.7155814403217575,0.8709513410586555
mid,INTU,pov_5pct_cap,-12.245709156194375,5.508056846106681,2.7156892222335616,0.8708808099952418
mid,INTU,toth,-12.245026929980165,5.50873786259383,2.7157974926631443,0.8716690754577238
mid,INTU,rl_v4,-3.1547935367993403,14.58285240679143,2.564068377270964,1.680352778668693
mid,ISRG,twap,4.342561504941012,2.519488328021766,5.270839039954141,2.337901663479932
mid,ISRG,ac_ra,3.872266331203362,2.04910737878393,5.183170570774431,2.4450916551323036
mid,ISRG,vwap_following,3.1343736201470507,1.3110800860437977,4.789737199644499,1.5374190987031853
mid,ISRG,pov_5pct_cap,3.131807616363596,1.3085136142558422,4.789585478983442,1.5380602782339512
mid,ISRG,toth,3.394273146103981,1.571027014170859,5.106089266057414,-1.3051119733656362
mid,ISRG,rl_v4,4.222642484021096,2.3995474354889237,4.90954568210144,2.2402380782230713
mid,JD,twap,-7.595805767070537,-1.627554421815439,2.494365090152787,1.4568241662065249
mid,JD,ac_ra,3.8045187866721566,9.76597129595558,2.4972088229317073,1.2364635441925191
mid,JD,vwap_following,-5.611783797276857,0.3552843325466775,2.494859710664828,2.1235746781792613
mid,JD,pov_5pct_cap,-5.611783797276857,0.3552843325466775,2.494859710664828,2.1235746781792613
mid,JD,toth,-5.611783797276857,0.3552843325466775,2.494859710664828,2.1235746781792613
mid,JD,rl_v4,6.82087130195818,12.78052494263155,2.4979613899874367,0.7798236525357917
mid,KHC,twap,20.00415534601135,0.5207098118323796,3.202319448516525,0.9615372688840156
mid,KHC,ac_ra,8.468595173402242,-11.03737065655918,3.1986206144650837,1.07721738987335
mid,KHC,vwap_following,18.107399712322252,-1.3797487627853349,3.2017106773375694,1.7920072040469928
mid,KHC,pov_5pct_cap,18.107399712322252,-1.3797487627853349,3.2017106773375694,1.7920072040469928
mid,KHC,toth,18.11059613233286,-1.3765461025641985,3.201711702980568,1.7910462790967085
mid,KHC,rl_v4,5.364871344089333,-14.14715373029692,3.194421520640977,1.1911278798090386
mid,KLAC,twap,2.2281705948354062,2.341144348910554,4.295041692886279,2.163329293525903
mid,KLAC,ac_ra,1.63512906846019,1.7481095238412592,4.362680148717438,2.4048110742517212
mid,KLAC,vwap_following,1.2797979797981354,1.392782450382563,4.062611900825211,1.303603848325718
mid,KLAC,pov_5pct_cap,1.2780583613914576,1.3910428516333875,4.062218275436244,1.3036877097063229
mid,KLAC,toth,-0.8638608305283269,-0.7508521368282499,4.13812318879535,0.768100202900701
mid,KLAC,rl_v4,1.2872615039286215,1.4002458901760237,4.160479462604278,2.325036514680251
mid,LBTYA,twap,27.732990413843346,4.446405969282345,4.688086969367455,2.1101957219213996
mid,LBTYA,ac_ra,18.96656534954373,-4.340489876369245,4.683968752150108,2.1548383178404458
mid,LBTYA,vwap_following,22.45452419920341,-0.844386173767537,4.685608275860501,2.9385902568743263
mid,LBTYA,pov_5pct_cap,22.458732756604455,-0.8401677888190279,4.685610252374284,2.93812329987621
mid,LBTYA,toth,22.45452419920341,-0.844386173767537,4.685608275860501,2.9385902568743263
mid,LBTYA,rl_v4,15.99251812017199,-7.321481905943618,4.682572861883504,1.6052338317519514
mid,LBTYK,twap,27.544857768051102,8.091825330761935,4.8748809865982174,2.2752014568635834
mid,LBTYK,ac_ra,19.134451738386474,-0.334986679072309,4.87077221746112,2.2876398257765134
mid,LBTYK,vwap_following,23.42669584244857,3.9656302040691784,4.872870132457355,5.351784652877058
mid,LBTYK,pov_5pct_cap,23.42669584244857,3.9656302040691784,4.872870132457355,5.351784652877058
mid,LBTYK,toth,23.42669584244857,3.9656302040691784,4.872870132457355,5.351784652877058
mid,LBTYK,rl_v4,16.29516168246021,-3.1798152709728194,4.869385996832618,1.7053599804933657
mid,LRCX,twap,10.008685147092244,0.0835173114376646,3.3721259150721647,1.5020474704283846
mid,LRCX,ac_ra,6.1437620400327555,-3.7852456398519627,3.5564526840581623,1.4173603631165692
mid,LRCX,vwap_following,9.694877069254067,-0.23060253822719054,2.926962082167332,-0.4429850845361334
mid,LRCX,pov_5pct_cap,9.694877069254067,-0.23060253822719054,2.926962082167332,-0.4429850845361334
mid,LRCX,toth,9.694877069254067,-0.23060253822719054,2.926962082167332,-0.4429850845361334
mid,LRCX,rl_v4,4.333365984260762,-5.597440344305043,3.5849055254571707,1.423921181466263
mid,LULU,twap,-12.387984359804586,0.9739885876608365,3.4232359334279763,1.7719703313278086
mid,LULU,ac_ra,-7.914268572729636,5.441734003889698,3.887242922451455,2.32250573879756
mid,LULU,vwap_following,-8.355545441380517,5.0010460386643,3.7754717758198053,1.9550948801475816
mid,LULU,pov_5pct_cap,-8.357407369097524,4.9991865957718735,3.7755536336305218,1.955218687526168
mid,LULU,toth,-8.352483604691765,5.004103789197076,3.7755556987467105,1.9561301401785287
mid,LULU,rl_v4,-5.608167656245146,7.74475732708592,3.9012796315288236,3.0525860336325934
mid,MAR,twap,2.0042568758526325,3.189643562999644,3.714853271168567,1.9465486335322115
mid,MAR,ac_ra,3.8454221956210333,5.030590589730624,3.796305498798595,1.8151359527222686
mid,MAR,vwap_following,2.0454953606707407,3.2308771584827136,3.5208737633750613,2.246153007962353
mid,MAR,pov_5pct_cap,2.0473577438551596,3.2327393208584536,3.520674854839444,2.2470189183984486
mid,MAR,toth,0.9798796102304229,2.1653877500369956,3.0819478624535006,1.9834212422300912
mid,MAR,rl_v4,4.818983005751606,6.004035972124166,3.884509598900894,1.6698904695415873
mid,MCHP,twap,-14.532919084389473,1.4384979281089312,4.180967065024311,2.68335411281934
mid,MCHP,ac_ra,-4.872664138531337,11.083346467953529,4.1642275851022905,2.5765660664551646
mid,MCHP,vwap_following,-16.571206652352227,-0.5965389300102012,4.602751322930266,3.066629054313935
mid,MCHP,pov_5pct_cap,-16.571206652352227,-0.5965389300102012,4.602751322930266,3.066629054313935
mid,MCHP,toth,-16.571846301457388,-0.5971775589876454,4.602477862423071,3.0663100605327105
mid,MCHP,rl_v4,-2.5620688079651575,13.390256805732747,4.198599664633108,2.587536326133989
mid,MDLZ,twap,0.2411759368514065,-0.0997981391775853,1.814596964882308,0.8781715842448886
mid,MDLZ,ac_ra,2.4727338716985807,2.1318358878452432,1.8150018502243381,0.915888072944023
mid,MDLZ,vwap_following,1.074857091008581,0.7339114420313055,1.8147484112205754,2.712632262116528
mid,MDLZ,pov_5pct_cap,1.074857091008581,0.7339114420313055,1.8147484112205754,2.712632262116528
mid,MDLZ,toth,1.075764449687755,0.7348188316498043,1.814748575790957,2.712450987869678
mid,MDLZ,rl_v4,3.1042555122126894,2.7633790621294816,1.815116394838857,0.7612089199633055
mid,MELI,twap,-16.662609008900166,8.427247543979957,13.57633836992126,7.737347860381525
mid,MELI,ac_ra,0.5515062365849827,25.598244667286814,14.067473821495703,7.501731876597264
mid,MELI,vwap_following,-15.773831859870965,9.313798473354263,14.349152563345605,6.719798532497464
mid,MELI,pov_5pct_cap,-15.767482701170984,9.320131728605437,14.349412339154828,6.7184284532046785
mid,MELI,toth,-9.200156102246604,15.871008409155335,16.31569060946823,7.330070355647336
mid,MELI,rl_v4,2.69153295408613,27.732911020217713,13.957225389301968,7.810812500704386
mid,MNST,twap,-22.54571215510963,1.590058824414398,1.9351889716965205,1.5521515669353914
mid,MNST,ac_ra,-12.921551081283404,11.19104349633445,2.02495299645214,2.0348815939427176
mid,MNST,vwap_following,-24.76838180462126,-0.627258308165459,1.7530404596492497,1.1999178404107542
mid,MNST,pov_5pct_cap,-24.76838180462126,-0.627258308165459,1.7530404596492497,1.1999178404107542
mid,MNST,toth,-24.76838180462126,-0.627258308165459,1.7530404596492497,1.1999178404107542
mid,MNST,rl_v4,-10.329604772551415,13.776748015375931,2.2394101338809014,2.334429422559274
mid,MSFT,twap,-17.342445912917675,-0.9628874992702083,0.6726683367109233,0.6548506348892215
mid,MSFT,ac_ra,-4.134033372560942,12.22392769968341,0.6662791638668215,0.7712377269797104
mid,MSFT,vwap_following,-17.088259255906998,-0.7091164679825157,0.752782228351027,-0.5407812055650613
mid,MSFT,pov_5pct_cap,-17.088259255906998,-0.7091164679825157,0.752782228351027,-0.5407812055650613
mid,MSFT,toth,-17.088259255906998,-0.7091164679825157,0.752782228351027,-0.5407812055650613
mid,MSFT,rl_v4,-2.107540508733208,14.247107004209647,0.6824619854745018,0.6339189577001421
mid,MU,twap,-35.56029733275547,0.4741589305988451,1.7426703723000991,1.6004895732833053
mid,MU,ac_ra,-23.738871884567914,12.253137457472354,1.7447240470825622,2.043277733210633
mid,MU,vwap_following,-34.56265850459107,1.4682155598969042,1.7428427035411906,1.5026381365431762
mid,MU,pov_5pct_cap,-34.56265850459107,1.4682155598969042,1.7428427035411906,1.5026381365431762
mid,MU,toth,-34.566156536947744,1.4647300878448173,1.7428420959857447,1.5028130518632883
mid,MU,rl_v4,-19.887713161342223,16.09046791337029,1.7718801747258437,2.682331527849493
mid,MXIM,twap,5.279067872562494,1.881057747999499,2.365117750653668,1.1689794900661095
mid,MXIM,ac_ra,6.456775034629085,3.059165307524673,2.487103543317646,0.8623116851789315
mid,MXIM,vwap_following,4.361117901083347,0.9627956914388255,2.1284339337569684,0.34169969588974813
mid,MXIM,pov_5pct_cap,4.361606779108203,0.9632847356726726,2.128434013471844,0.34210731347438617
mid,MXIM,toth,4.361280860422264,0.9629587061807385,2.128433960317044,0.3416181830150438
mid,MXIM,rl_v4,5.7081398191123185,2.310275570640156,2.345019873809719,0.6914127596129049
mid,NFLX,twap,-6.692453220611657,1.882045269955947,2.7464837719836837,1.2886188875365117
mid,NFLX,ac_ra,-8.730024535163336,-0.1537800978463212,2.3790927570753864,1.9517204154314942
mid,NFLX,vwap_following,-6.675662892785122,1.8988212105470117,2.9796957080688515,0.5643560984094087
mid,NFLX,pov_5pct_cap,-6.675662892785122,1.8988212105470117,2.9796957080688515,0.5643560984094087
mid,NFLX,toth,-6.675662892785122,1.8988212105470117,2.9796957080688515,0.5643560984094087
mid,NFLX,rl_v4,-7.206302285027069,1.3686365106711074,2.2744848874533257,2.0721332587303563
mid,NTAP,twap,14.066388710712381,-5.922207463059292,3.826706390525262,0.6459733364754556
mid,NTAP,ac_ra,-2.6590763309790635,-22.68115145419608,4.032844019017222,1.642201324080887
mid,NTAP,vwap_following,12.12892880051248,-7.863545538812394,3.781859839388231,0.4448139645469332
mid,NTAP,pov_5pct_cap,12.131815266196297,-7.860653295361652,3.7821830929922395,0.44505512210320325
mid,NTAP,toth,12.126202694035154,-7.866277102069589,3.7815366374709947,0.4453767559925035
mid,NTAP,rl_v4,-6.108242463119891,-26.137221696822245,4.068985340174197,2.45036312877813
mid,NTES,twap,-9.104718364532838,6.009594377965624,6.977936412751949,3.6381552642226294
mid,NTES,ac_ra,-2.5167486126739047,12.587615923869132,7.098138113206633,3.9795423611102323
mid,NTES,vwap_following,-8.399723971362972,6.7135241898327775,6.367417430791243,2.6151299381519184
mid,NTES,pov_5pct_cap,-8.39883262888517,6.714414186333156,6.367101820102939,2.614483082712893
mid,NTES,toth,-1.1778947065765495,13.924448085042973,5.066820805600894,-0.036582661499121705
mid,NTES,rl_v4,0.7781707352120222,15.877559757671978,7.199601930029692,3.8989582511096703
mid,NVDA,twap,-7.167503478311153,0.904987901390307,2.155791897290707,1.0900526278563318
mid,NVDA,ac_ra,-3.0101828887077167,5.058954901218159,2.1164982017405958,1.2109043504492587
mid,NVDA,vwap_following,-8.673966083922743,-0.6002594845906107,2.1588922500058865,0.30682305754462946
mid,NVDA,pov_5pct_cap,-8.673966083922743,-0.6002594845906107,2.1588922500058865,0.30682305754462946
mid,NVDA,toth,-8.672917548847582,-0.5992117953382428,2.158852191286113,0.30686350517742034
mid,NVDA,rl_v4,-1.436533381729226,6.631334990844003,2.0068599115372345,1.1770334081270883
mid,NXPI,twap,2.7907256850363824,-0.6855947094846833,3.7385439101221833,1.8393105359664066
mid,NXPI,ac_ra,2.623532068649989,-0.852846463953669,3.6814212059018003,1.8593477547200143
mid,NXPI,vwap_following,2.918021680218097,-0.5582544497835368,3.2305232426724926,1.2297282872204094
mid,NXPI,pov_5pct_cap,2.918021680218097,-0.5582544497835368,3.2305232426724926,1.2297282872204094
mid,NXPI,toth,2.916440831073845,-0.5598358486350092,3.230673154005735,1.2295025620000364
mid,NXPI,rl_v4,2.1142728093927587,-1.3622828074651618,3.6830696806450245,1.8595392191728122
mid,ORLY,twap,-10.156901530136636,1.490461979398704,4.900171657696341,2.97891748647738
mid,ORLY,ac_ra,-4.32996839687311,7.310615158160369,4.7755056640591045,2.904770860951165
mid,ORLY,vwap_following,-9.209126253321944,2.4371344679870988,4.3832328702948065,3.667452435709211
mid,ORLY,pov_5pct_cap,-9.208739740352,2.4375205312281225,4.383051640816256,3.6676113652490496
mid,ORLY,toth,-8.989404997383748,2.6566000662604004,5.651669981920898,4.303333068376841
mid,ORLY,rl_v4,-3.368687902135097,8.270777150614455,4.546212143831641,3.002193903813964
mid,PAYX,twap,0.0965783351331433,0.9549165246345468,2.175212721408136,1.1162244872604616
mid,PAYX,ac_ra,1.8689212960355748,2.7271073571029234,2.39457470952282,1.1074982315538018
mid,PAYX,vwap_following,-0.43556715655374934,0.4228167094685789,1.816246702661838,0.23263367333150198
mid,PAYX,pov_5pct_cap,-0.43647506099773997,0.42190888295424656,1.8161330729190808,0.2325202818606195
mid,PAYX,toth,-0.43590762072064904,0.4224762745253012,1.816133201743717,0.23274721287910483
mid,PAYX,rl_v4,2.22481983771704,3.0829753503583657,2.2536007070840873,0.9742010367671214
mid,PCAR,twap,2.6953263906553744,4.070053659107354,3.514703311176828,1.6626674173895364
mid,PCAR,ac_ra,0.6123952247946081,1.9874089166742521,4.037185377190532,2.121977665500159
mid,PCAR,vwap_following,2.188087376174801,3.5628843949572544,3.407515883260442,1.179547466026715
mid,PCAR,pov_5pct_cap,2.18859537718952,3.5633923261168605,3.4072621248944253,1.179484135491725
mid,PCAR,toth,3.8031496063004284,5.177724538214422,3.489693277162436,0.941148128680165
mid,PCAR,rl_v4,0.8023876047797555,2.1773751708470837,4.350484977376047,2.3268329585878282
mid,PEP,twap,3.061770445272463,1.0151165687757577,1.2417208081127913,0.39745497802684604
mid,PEP,ac_ra,3.078162142976912,1.0315116223208531,1.0929700847534374,0.39008200789362857
mid,PEP,vwap_following,3.7245343267703364,1.6780161366444104,1.123097573982346,1.4574183895686064
mid,PEP,pov_5pct_cap,3.7245343267703364,1.6780161366444104,1.123097573982346,1.4574183895686064
mid,PEP,toth,3.725102004613744,1.6785839307074077,1.123026624372832,1.457951032324135
mid,PEP,rl_v4,2.6654603512450254,0.6187253389473768,1.0768200767054747,0.3365646802903425
mid,PYPL,twap,-1.0164500669175887,0.9536498724772386,1.0506385785939791,0.38978186342343607
mid,PYPL,ac_ra,-0.9615301584605794,1.0085589622630793,1.11481911323247,0.5029910261274158
mid,PYPL,vwap_following,-0.8015197962065956,1.1685378040804604,0.8634143706295234,1.2232586960012826
mid,PYPL,pov_5pct_cap,-0.8015197962065956,1.1685378040804604,0.8634143706295234,1.2232586960012826
mid,PYPL,toth,-0.8015197962065956,1.1685378040804604,0.8634143706295234,1.2232586960012826
mid,PYPL,rl_v4,-0.15552005526657714,1.8144102895503145,1.0338160225717083,0.4765489956589439
mid,QCOM,twap,5.333855390233135,4.2379152935634785,1.4453990423635703,0.5669889130333882
mid,QCOM,ac_ra,5.922317932655727,4.826442362373076,1.4600530633794666,0.19755100934038677
mid,QCOM,vwap_following,6.766901592274443,5.671118632698758,1.5271580974947434,-0.3821082696652417
mid,QCOM,pov_5pct_cap,6.766901592274443,5.671118632698758,1.5271580974947434,-0.3821082696652417
mid,QCOM,toth,6.766901592274443,5.671118632698758,1.5271580974947434,-0.3821082696652417
mid,QCOM,rl_v4,6.079979117724495,4.984120835384423,1.4437160165782983,0.04602996281026298
mid,QQQ,twap,-5.063476013928279,-3.0135603597610134,0.47907476138499727,0.22170507964381567
mid,QQQ,ac_ra,-2.814470284239694,-0.7650154239557113,0.5018695528040736,0.4154689201005881
mid,QQQ,vwap_following,-5.3288394562412575,-3.2788694323365335,0.4491383172535701,-0.06823038340920443
mid,QQQ,pov_5pct_cap,-5.3288394562412575,-3.2788694323365335,0.4491383172535701,-0.06823038340920443
mid,QQQ,toth,-5.329333782721457,-3.2793636575352587,0.44913829506009356,-0.06814053513635544
mid,QQQ,rl_v4,-1.7484776991396858,0.3007587522463761,0.5069908836926683,0.4328965553992338
mid,REGN,twap,23.47127124263915,1.9750361322398189,7.125968735528732,3.009861393585884
mid,REGN,ac_ra,15.41395675408901,-6.099639297306268,6.9903700039515835,2.4622384552496768
mid,REGN,vwap_following,23.741304658752505,2.245651384175856,6.20805216187306,3.2867677123075554
mid,REGN,pov_5pct_cap,23.740550520744197,2.2448956212408455,6.207452004719309,3.2860890734991077
mid,REGN,toth,31.53732333017002,10.058467987503576,8.024568592680877,4.1061536418840925
mid,REGN,rl_v4,12.734790466655456,-8.78457833295519,6.319385488398274,2.1149024854211254
mid,ROST,twap,-10.725905789405582,1.9464410794951266,2.5458490596535697,1.5851397949453936
mid,ROST,ac_ra,-6.200059465652993,6.466558238846486,2.7435034354696484,2.0566000395191066
mid,ROST,vwap_following,-9.729431253451303,2.9416542013337392,2.5140549401665058,2.560707320507862
mid,ROST,pov_5pct_cap,-9.729686106274361,2.9413996711229875,2.5141397110200465,2.560664864892341
mid,ROST,toth,-9.729431253451303,2.9416542013337392,2.5140549401665058,2.560707320507862
mid,ROST,rl_v4,-4.171600900478321,8.492449025141884,2.8374534136317164,2.1171192418804505
mid,SBUX,twap,-12.395913564404625,0.4254227764418657,1.1396200336321842,0.8384763890868732
mid,SBUX,ac_ra,-3.9197689345330256,8.890713310839072,1.1348908887736449,0.9305023954663612
mid,SBUX,vwap_following,-11.369062901157193,1.450958509892377,1.2395473661119827,1.630018058092722
mid,SBUX,pov_5pct_cap,-11.369062901157193,1.450958509892377,1.2395473661119827,1.630018058092722
mid,SBUX,toth,-11.369062901157193,1.450958509892377,1.2395473661119827,1.630018058092722
mid,SBUX,rl_v4,-1.0664313222062374,11.740397092300855,1.193551365186912,0.8001132941108667
mid,SGEN,twap,-14.812062615104098,0.41685415281863514,6.161051561673462,3.3370929671302556
mid,SGEN,ac_ra,-6.666574585635757,8.549955833101459,7.075976127868661,4.2821533680090855
mid,SGEN,vwap_following,-17.00939226519409,-1.7771341514584067,6.143813481152478,2.089532813990307
mid,SGEN,pov_5pct_cap,-17.00847145488203,-1.7762147413666922,6.1438147170737105,2.0897163796248717
mid,SGEN,toth,-17.010589318601994,-1.7783293845798565,6.144363652525251,2.090083997678552
mid,SGEN,rl_v4,-6.826427255989036,8.390346241000346,6.686389785422996,4.1249285081543645
mid,SIRI,twap,9.951355107718395,4.544342074308663,13.902718920150356,6.95684000914312
mid,SIRI,ac_ra,8.283530229323404,2.8756145025259316,13.900397660750778,6.868063815032457
mid,SIRI,vwap_following,8.490618485059574,3.0828148426910813,13.900685883792896,5.255594275552963
mid,SIRI,pov_5pct_cap,8.490618485059574,3.0828148426910813,13.900685883792896,5.255594275552963
mid,SIRI,toth,8.490618485059574,3.0828148426910813,13.900685883792896,5.255594275552963
mid,SIRI,rl_v4,8.903405142457759,3.495824916702728,13.901260395494287,6.745109851581262
mid,SNPS,twap,-2.052225715701962,1.0866341428764705,4.026249298703442,1.965620429985448
mid,SNPS,ac_ra,0.7253350984583559,3.863323298506361,4.2280804811861055,2.19933585398025
mid,SNPS,vwap_following,-3.006917094161595,0.1322423671761069,4.260467092284213,1.2525625763032933
mid,SNPS,pov_5pct_cap,-3.0083733245108455,0.13078659382336943,4.260334450230629,1.2517364617040179
mid,SNPS,toth,-1.7441006122774763,1.3946625499933654,3.900404612784995,1.7799204526345067
mid,SNPS,rl_v4,1.4297534337197575,4.567520572090989,4.1384046564741155,2.1416851688865663
mid,SPLK,twap,0.9139740622139968,7.87145824985602,6.6155225869963035,3.2774477505185824
mid,SPLK,ac_ra,2.843897644037916,9.800038967665262,6.601745074463922,3.239327594234776
mid,SPLK,vwap_following,1.5832831277550978,8.540301602108121,6.880060366515588,2.7034464286810094
mid,SPLK,pov_5pct_cap,1.5843612264953395,8.541378950694305,6.880630917307299,2.7020843757565434
mid,SPLK,toth,1.5832831277550978,8.540301602108121,6.880060366515588,2.7034464286810094
mid,SPLK,rl_v4,4.316263436598291,11.27138027041791,6.250839831991511,3.711569408150229
mid,SWKS,twap,-20.029983074066926,4.402546859129598,4.450170517065728,2.242323736825309
mid,SWKS,ac_ra,-17.422745224471708,7.003427300921566,4.518087132490077,3.0624976327454316
mid,SWKS,vwap_following,-21.69178689449423,2.744795129529795,4.678792358783855,1.24958493550806
mid,SWKS,pov_5pct_cap,-21.69178689449423,2.744795129529795,4.678792358783855,1.24958493550806
mid,SWKS,toth,-21.689449504312588,2.7471268202918067,4.679034922922479,1.2505093219706005
mid,SWKS,rl_v4,-15.201176755048914,9.219578766780545,4.808016803230634,3.8689559087556105
mid,TCOM,twap,17.71049581455484,-0.5505931200050256,2.579900143069878,0.9447209663803845
mid,TCOM,ac_ra,11.115518351580272,-7.157635096829079,2.578195496533941,0.5726409332667924
mid,TCOM,vwap_following,18.96097875080521,0.7021773856551916,2.5802242801658983,0.8669888689683015
mid,TCOM,pov_5pct_cap,18.96097875080521,0.7021773856551916,2.5802242801658983,0.8669888689683015
mid,TCOM,toth,18.96097875080521,0.7021773856551916,2.5802242801658983,0.8669888689683015
mid,TCOM,rl_v4,9.46838377334702,-8.807782858661914,2.580869266875152,0.3952079876543998
mid,TMUS,twap,-12.288582797669177,0.061064686146103345,1.4879437991023035,1.1418238228600575
mid,TMUS,ac_ra,-6.0150596877847375,6.326849725134168,1.6036653750994105,1.2667245947696504
mid,TMUS,vwap_following,-10.83832262013702,1.5095360416917352,1.6614731249564767,1.2099854311923168
mid,TMUS,pov_5pct_cap,-10.839302112026608,1.508557757955451,1.6614730053532836,1.210291039766809
mid,TMUS,toth,-10.83832262013702,1.5095360416917352,1.6614731249564767,1.2099854311923168
mid,TMUS,rl_v4,-4.303152739517804,8.036645123463108,1.5596074035607985,1.29360601162231
mid,TSLA,twap,54.443934310435644,-4.473502026605337,4.016792027429888,0.25285246185376914
mid,TSLA,ac_ra,29.787097533695434,-29.276405810707562,3.9988162098779445,-0.013471209910666327
mid,TSLA,vwap_following,45.961857672612624,-13.00582645419638,4.177574236759521,-1.6481845476719141
mid,TSLA,pov_5pct_cap,45.961857672612624,-13.00582645419638,4.177574236759521,-1.6481845476719141
mid,TSLA,toth,45.95171385406332,-13.016030364688216,4.177548996401888,-1.6505044109737121
mid,TSLA,rl_v4,21.708772342881577,-37.40258696925173,3.608765821994375,-0.7192976434377673
mid,TTWO,twap,-26.184954442800493,-0.15898144765405703,4.11359069251574,2.4034269360963263
mid,TTWO,ac_ra,-19.61911066116046,6.389818715328655,3.510738265553576,3.2032904470975425
mid,TTWO,vwap_following,-27.855774472395662,-1.8254643622680435,4.4492775703793646,1.5747549493134951
mid,TTWO,pov_5pct_cap,-27.85717623238187,-1.8268624835653935,4.448965669704547,1.5741707197984431
mid,TTWO,toth,-27.856397476832992,-1.8260857495103289,4.449277232001266,1.5750658704172646
mid,TTWO,rl_v4,-15.117514212287828,10.879729919200745,3.4466359388231242,3.4540690187470835
mid,TXN,twap,-22.551241586490548,1.3241083926168276,1.4801933511082166,1.1515236397976698
mid,TXN,ac_ra,-14.855078526070109,9.001937938731906,1.5679569359633279,1.434132541829929
mid,TXN,vwap_following,-21.946229607937124,1.9276791340659132,1.4645406626545356,0.5959327046825827
mid,TXN,pov_5pct_cap,-21.946229607937124,1.9276791340659132,1.4645406626545356,0.5959327046825827
mid,TXN,toth,-21.946229607937124,1.9276791340659132,1.4645406626545356,0.5959327046825827
mid,TXN,rl_v4,-12.057268889985329,11.7930827364311,1.5511825309311316,1.8065110009305716
mid,UAL,twap,0.5505304299307735,0.885347330652236,2.6242330594414245,1.3776694797583922
mid,UAL,ac_ra,-0.9252931323249376,-0.590426815815873,2.620042275751366,1.6032308572797285
mid,UAL,vwap_following,0.8274706867711518,1.1622783145542628,2.892130103039615,1.4838661074153086
mid,UAL,pov_5pct_cap,0.8278056951455154,1.1626133117113624,2.8919068516584656,1.4835866031738032
mid,UAL,toth,0.8264656616448874,1.1612733230797907,2.892241467063067,1.4835307996414089
mid,UAL,rl_v4,-0.5688442211007344,-0.2339898397607093,2.6074127578237545,1.5819732416953272
mid,ULTA,twap,-16.284789998906586,3.5021704971596668,5.144926455785781,2.5852112246770207
mid,ULTA,ac_ra,-19.924077932520763,-0.12992809948117232,5.543784724227674,4.413656821524587
mid,ULTA,vwap_following,-16.41810140000846,3.369122449934262,5.150826434969683,4.877000176039743
mid,ULTA,pov_5pct_cap,-16.41773586285253,3.3694872649792074,5.150935309655645,4.878571713770931
mid,ULTA,toth,-16.41810140000846,3.369122449934262,5.150826434969683,4.877000176039743
mid,ULTA,rl_v4,-19.855649376754222,-0.061634722891153654,5.521251078971408,5.189796566023162
mid,VRSK,twap,6.430686323095213,3.4990048813564476,4.710696472174837,2.077320807214684
mid,VRSK,ac_ra,2.6731912784906817,-0.25959244994305064,5.073781389233506,2.534812351616463
mid,VRSK,vwap_following,6.051040634291693,3.119247820911289,4.723706435300724,2.2539190583265265
mid,VRSK,pov_5pct_cap,6.05166005946709,3.1198674277992673,4.723768718042895,2.2539812354042583
mid,VRSK,toth,8.342913776014793,5.411793299188578,4.495438260514479,2.203905534108165
mid,VRSK,rl_v4,1.9074578790908598,-1.025550482437003,5.098534277076359,2.635904860233831
mid,VRSN,twap,-8.800478121264993,2.180345617133206,3.8866482131159064,1.922112180233029
mid,VRSN,ac_ra,-4.609651487098105,6.366574424748494,3.8419301227785874,2.260293812464928
mid,VRSN,vwap_following,-8.937539550472918,2.0434345603299224,3.9942949621426336,1.926176851358269
mid,VRSN,pov_5pct_cap,-8.936414559260754,2.0445583172952606,3.9942954887729147,1.927325210202914
mid,VRSN,toth,-2.950711322569277,8.023694538055494,5.669318496901758,7.247374794712462
mid,VRSN,rl_v4,-2.5525581831440616,8.421410856959161,3.913298369290558,2.3594594351127274
mid,VRTX,twap,14.961329511910888,-1.171670431807457,4.704636859392226,1.8061225737292732
mid,VRTX,ac_ra,0.5484022757401085,-15.607884884178732,4.812428503429251,2.349177726093327
mid,VRTX,vwap_following,17.26816956837854,1.1388968260991972,4.5332428221067875,2.521920027513761
mid,VRTX,pov_5pct_cap,17.26970954357002,1.1404392894552695,4.53285802824556,2.521621080207831
mid,VRTX,toth,17.26487573255681,1.1355976683698747,4.533327223494078,2.521576282153996
mid,VRTX,rl_v4,-2.4142533259119503,-18.575327299806382,4.75661933205897,2.766457990885654
mid,WBA,twap,13.434810415715685,0.7435219220606576,1.8296096100043733,0.6409883427055811
mid,WBA,ac_ra,14.546368204659812,1.8564923188743616,1.8298134670204649,-0.09461731689845009
mid,WBA,vwap_following,14.189310187299393,1.49898053926223,1.8297478164472682,1.6965339146675575
mid,WBA,pov_5pct_cap,14.189310187299393,1.49898053926223,1.8297478164472682,1.6965339146675575
mid,WBA,toth,14.18876199177511,1.498431647071234,1.8297477159257853,1.6965337638577294
mid,WBA,rl_v4,13.777980813153146,1.0871284328597888,1.8296728131504605,-0.47483275366290256
mid,WDAY,twap,-10.664506839452388,3.821779511702842,5.826781362840798,3.2286442646488682
mid,WDAY,ac_ra,-9.794151852471584,4.690875020697948,6.237864797762511,4.020841743466358
mid,WDAY,vwap_following,-11.57240959184709,2.915190572116591,5.7309418207859935,1.8345290440031992
mid,WDAY,pov_5pct_cap,-11.568754499642015,2.9188403750911376,5.730888400212387,1.8341426582657097
mid,WDAY,toth,-11.73976851082832,2.7480738357818915,5.693506785192065,1.9633900252444407
mid,WDAY,rl_v4,-11.109043584203457,3.3778860495803826,6.207966767317025,4.4142112222331065
mid,WDC,twap,-8.891221374046687,2.786256881875636,3.446160112935138,1.8241064313218236
mid,WDC,ac_ra,-3.550939518493611,8.120308174635149,3.5015496988648382,1.3335075677132397
mid,WDC,vwap_following,-7.915296535526657,3.761043098661331,3.642379095521504,1.3784734307044366
mid,WDC,pov_5pct_cap,-7.915296535526657,3.761043098661331,3.642379095521504,1.3784734307044366
mid,WDC,toth,-7.915296535526657,3.761043098661331,3.642379095521504,1.3784734307044366
mid,WDC,rl_v4,-3.440692894893269,8.230426172344629,3.7243101231468514,1.8588411166901873
mid,WLTW,twap,8.310343146817214,2.695923815232005,4.730458423640458,2.1382912927548263
mid,WLTW,ac_ra,3.671183466564554,-1.9458426501276416,5.111003620209764,2.465280364136042
mid,WLTW,vwap_following,7.076623123417275,1.4615105535723707,4.366285369897767,1.2368011862238284
mid,WLTW,pov_5pct_cap,7.077549229871208,1.4624371804137606,4.366090726046455,1.2368500833362035
mid,WLTW,toth,11.51038214076761,5.897760939569402,3.6737625460497285,1.402588687403004
mid,WLTW,rl_v4,2.3435367518047965,-3.2742353813907994,5.443243866426921,2.354407059743251
mid,XEL,twap,-15.566364891818552,0.16383819453214551,1.6087578918002858,1.2005639000410544
mid,XEL,ac_ra,-9.941997851771838,5.779371741539238,1.7244844011189537,1.5502456421895812
mid,XEL,vwap_following,-14.875095903025205,0.8540214931922664,1.5320525039252615,2.006429074874013
mid,XEL,pov_5pct_cap,-14.877397575572475,0.8517234355954946,1.5320521520351198,2.0065817097700136
mid,XEL,toth,-14.876783796227699,0.8523362509534725,1.532052245798697,2.0064286876248465
mid,XEL,rl_v4,-8.00061377934545,7.717706723717978,1.8094637695254907,1.7826262066931071
mid,XLNX,twap,-24.599023914103963,2.1584416168757747,2.564351530838773,1.8590546290911332
mid,XLNX,ac_ra,-14.49370424597646,12.236788361492376,2.7159401646844565,1.852776259662696
mid,XLNX,vwap_following,-23.39736456808182,3.3568935170485164,2.671585561693481,0.8543184410042653
mid,XLNX,pov_5pct_cap,-23.39736456808182,3.3568935170485164,2.671585561693481,0.8543184410042653
mid,XLNX,toth,-23.399902391409412,3.354362467629789,2.6713902896430044,0.8537830089262504
mid,XLNX,rl_v4,-11.765348950710564,14.957861183654343,2.471506644766502,2.1372596681479967
late_mid,AAL,twap,11.654977973569403,3.376892948017921,3.5277245616654658,2.1160820703943903
late_mid,AAL,ac_ra,16.727400881055296,8.453519749944897,3.5295147609419812,0.7092965892474214
late_mid,AAL,vwap_following,9.60458149779672,1.3247971560597138,3.52700179331548,2.8117725504707263
late_mid,AAL,pov_5pct_cap,9.60458149779672,1.3247971560597138,3.52700179331548,2.8117725504707263
late_mid,AAL,toth,9.60458149779672,1.3247971560597138,3.52700179331548,2.8117725504707263
late_mid,AAL,rl_v4,16.216740088100924,7.942435734379175,3.5293340983717516,0.1975198187403877
late_mid,AAPL,twap,0.6115697261436785,-1.3140181232213308,0.5208884586886082,0.4511390876892681
late_mid,AAPL,ac_ra,-0.02828506037983062,-1.9539961269406594,0.5038983900628208,0.38822238734307374
late_mid,AAPL,vwap_following,0.2285218214811781,-1.6971397916340931,0.4688994622087494,0.4588237071847464
late_mid,AAPL,pov_5pct_cap,0.2285218214811781,-1.6971397916340931,0.4688994622087494,0.4588237071847464
late_mid,AAPL,toth,0.2285218214811781,-1.6971397916340931,0.4688994622087494,0.4588237071847464
late_mid,AAPL,rl_v4,-0.0083024228577051,-1.9340096413507966,0.49309634703460326,0.3396669129341836
late_mid,ADBE,twap,6.652320590302477,1.5532074658595327,2.3592860196029455,1.138648911507359
late_mid,ADBE,ac_ra,5.040353723133142,-0.059581908608881705,2.14466939870799,0.7360897961240238
late_mid,ADBE,vwap_following,6.7013020571628354,1.6022139255499754,1.9824812065220232,1.721130323217394
late_mid,ADBE,pov_5pct_cap,6.702335663732634,1.603248059518299,1.982711256669457,1.7222942926668652
late_mid,ADBE,toth,6.701790149152588,1.6027022665890305,1.982481332816171,1.721690872016727
late_mid,ADBE,rl_v4,4.917928767280656,-0.18206933188661611,2.0849109737073444,0.6153673920969943
late_mid,ADI,twap,12.568610240336591,-0.05885302918120231,2.0787743857363505,0.8657971578805778
late_mid,ADI,ac_ra,8.913688610242339,-3.718395706152862,2.1525591930077876,0.7513900007240308
late_mid,ADI,vwap_following,12.22570532915199,-0.40219148719100223,2.0191338774604652,-0.5083095732104309
late_mid,ADI,pov_5pct_cap,12.2272100313473,-0.4006848825474087,2.0190505772252343,-0.507765023407115
late_mid,ADI,toth,12.22704284221264,-0.4008522830652138,2.019134213898693,-0.5075558534054513
late_mid,ADI,rl_v4,7.702654127478751,-4.930961342708896,1.9334567266915719,0.4137421273476189
late_mid,ADP,twap,11.75213457010838,0.024807071155348893,1.202552808507331,0.6001911458803233
late_mid,ADP,ac_ra,8.759935324649541,-2.970905353087836,1.2447892021831877,0.27160558732169876
late_mid,ADP,vwap_following,11.286074943975263,-0.4417997614491474,1.3918726320981294,0.08546677597430968
late_mid,ADP,pov_5pct_cap,11.284202762884181,-0.44367414069160527,1.3918155928912257,0.08634688032150345
late_mid,ADP,toth,10.875102828126158,-0.8532544048306513,1.3576471585587102,0.6456681929093813
late_mid,ADP,rl_v4,7.549201486392647,-4.183060729178652,1.3953217969200857,0.12345023737020198
late_mid,ADSK,twap,2.0898314693618016,0.5053490858672703,2.6451081499040514,1.3527444939438602
late_mid,ADSK,ac_ra,0.9622738751760188,-0.6223872051775807,2.412640704540707,1.050119217576481
late_mid,ADSK,vwap_following,3.7282379013554343,2.144015174737664,2.7903728796246456,3.0949283449923732
late_mid,ADSK,pov_5pct_cap,3.728495593462786,2.144272907684411,2.790527546693691,3.0953924405557656
late_mid,ADSK,toth,3.728856362416595,2.144633733813374,2.7904245840512267,3.0955726975316273
late_mid,ADSK,rl_v4,1.3319074370005994,-0.25269506332405545,2.527997108674857,1.1298669288766408
late_mid,ALGN,twap,44.45835332586519,2.2314534101767562,8.006806121920068,2.951927916277112
late_mid,ALGN,ac_ra,18.338327024579932,-23.99936221584484,7.483659126477221,2.3783650532167218
late_mid,ALGN,vwap_following,47.729274404223084,5.5162482547153315,8.68700818729516,2.810472176343308
late_mid,ALGN,pov_5pct_cap,47.733326224876585,5.520317261357423,8.68708183548665,2.810401534447749
late_mid,ALGN,toth,48.12756126601746,5.916224469037937,8.727643440191262,2.759855125512867
late_mid,ALGN,rl_v4,11.241740861188742,-31.12604888449229,7.318578664785265,2.485589599771001
late_mid,ALXN,twap,30.681059170812066,-5.343957165429034,5.538702233753231,1.672712813876518
late_mid,ALXN,ac_ra,5.227563114070548,-30.88943168295619,4.60865253231256,2.1026945778889834
late_mid,ALXN,vwap_following,27.117063929152422,-8.920831219329022,5.190568230106966,0.2128933752199289
late_mid,ALXN,pov_5pct_cap,27.117063929152422,-8.920831219329022,5.190568230106966,0.2128933752199289
late_mid,ALXN,toth,27.111688769440736,-8.926225802656063,5.190918853625058,0.21262845116482476
late_mid,ALXN,rl_v4,0.46155879632219854,-35.67265837912623,4.729096704916057,2.60862099455163
late_mid,AMAT,twap,13.809561752990373,0.09698776881003934,1.6488611940365296,1.0883164816952495
late_mid,AMAT,ac_ra,14.097370517926395,0.3851917394060081,1.642058513625122,-0.056972116574929045
late_mid,AMAT,vwap_following,13.951394422311674,0.23901519618081754,1.5957268162340232,-0.4721651387842576
late_mid,AMAT,pov_5pct_cap,13.951394422311674,0.23901519618081754,1.5957268162340232,-0.4721651387842576
late_mid,AMAT,toth,13.94772908366532,0.23534482446127222,1.5957262313689393,-0.4718464763592002
late_mid,AMAT,rl_v4,12.227569721113719,-1.4871765812207325,1.6941292875935625,-0.3417758149012903
late_mid,AMD,twap,19.152193111566998,7.592264609455435,1.9660912698876472,0.5890281311929889
late_mid,AMD,ac_ra,10.514767932489782,-1.0551645311533413,1.964390739674044,0.14469654673955404
late_mid,AMD,vwap_following,19.23717005200623,7.6773399711284975,1.966108638929835,1.6451546180615202
late_mid,AMD,pov_5pct_cap,19.23717005200623,7.6773399711284975,1.966108638929835,1.6451546180615202
late_mid,AMD,toth,19.23717005200623,7.6773399711284975,1.966108638929835,1.6451546180615202
late_mid,AMD,rl_v4,8.34716907074847,-3.225273929909926,1.9639639032782474,0.08425558149638063
late_mid,AMGN,twap,0.19511182174930097,0.7867061363336755,2.319010939027747,1.225125103040695
late_mid,AMGN,ac_ra,-1.568287061071701,-0.9765884227765053,2.4937180126702048,1.5525425041211427
late_mid,AMGN,vwap_following,0.45933093838727007,1.0509096216139375,2.2658249416583236,1.6001486676443435
late_mid,AMGN,pov_5pct_cap,0.4601200240876789,1.0516986606315741,2.265658990853607,1.601000466722557
late_mid,AMGN,toth,0.4607429864811233,1.0523215861701984,2.2658251762129664,1.6006891626983388
late_mid,AMGN,rl_v4,-1.6497705421757745,-1.0580670832701073,2.7687795642250905,1.7780887629186088
late_mid,AMZN,twap,7.790178918656263,-1.4527268098523494,1.9349729766620798,0.8057199227984913
late_mid,AMZN,ac_ra,2.3114058967300517,-6.9365677580387475,2.0273047340277532,0.901324633805423
late_mid,AMZN,vwap_following,7.026511931038423,-2.217100197966266,1.7028028596642752,0.012473620627257542
late_mid,AMZN,pov_5pct_cap,7.026511931038423,-2.217100197966266,1.7028028596642752,0.012473620627257542
late_mid,AMZN,toth,7.027493556406769,-2.216117664583487,1.7026741781247947,0.012688546070435736
late_mid,AMZN,rl_v4,1.586569433900346,-7.662074702695245,2.0685704683868105,0.9667219964491754
late_mid,ANSS,twap,9.740753082309439,2.775394234150116,5.662812947078357,2.5903517223054955
late_mid,ANSS,ac_ra,0.486837720759692,-6.484973096227525,6.066042395338686,2.949213751752438
late_mid,ANSS,vwap_following,9.823910548335581,2.8586096788109914,5.270783073328134,3.704628681264018
late_mid,ANSS,pov_5pct_cap,9.819615683663269,2.8543118196944994,5.270854696320213,3.7048493673798504
late_mid,ANSS,toth,4.806694064942866,-2.162104883296398,5.591241787236274,3.6122519463383593
late_mid,ANSS,rl_v4,-0.973379243950043,-7.94620814614446,5.694700955473052,3.066609794081858
late_mid,ASML,twap,5.479347101930175,1.916718811477108,4.8417352699107745,2.502452222989717
late_mid,ASML,ac_ra,4.403097934704605,0.8400860064700082,4.833654189778336,2.539599466284658
late_mid,ASML,vwap_following,5.6105263157896665,2.0479447852358135,4.770633534219217,2.021707393646553
late_mid,ASML,pov_5pct_cap,5.609860093273028,2.0472783252387323,4.770799870423368,2.0217071824931896
late_mid,ASML,toth,0.7699200532985835,-2.794386950783477,3.7333424587927264,1.5207833611537047
late_mid,ASML,rl_v4,4.344570286472062,0.7815374955805544,4.918470520658498,2.5478067481801236
late_mid,ATVI,twap,18.979625235251767,0.04104305321126357,1.7488406872582385,0.5467049459496339
late_mid,ATVI,ac_ra,16.003273054577235,-2.940956635259055,1.700977431562461,-0.37599361224981076
late_mid,ATVI,vwap_following,19.09483675640371,0.15647318356143422,1.9172337443357723,1.6288374543859592
late_mid,ATVI,pov_5pct_cap,19.09483675640371,0.15647318356143422,1.9172337443357723,1.6288374543859592
late_mid,ATVI,toth,19.09483675640371,0.15647318356143422,1.9172337443357723,1.6288374543859592
late_mid,ATVI,rl_v4,14.45937321004752,-4.487785967254842,1.6786072465842399,-0.7156909052576436
late_mid,AVGO,twap,-4.559632277167394,2.2314649015393497,2.707845785096891,1.6966278041867084
late_mid,AVGO,ac_ra,-1.307248131126222,5.481641328539396,2.481071291565404,1.3408615977644789
late_mid,AVGO,vwap_following,-4.41087465035551,2.380121551642924,2.6054281830955888,0.7667664673229146
late_mid,AVGO,pov_5pct_cap,-4.41087465035551,2.380121551642924,2.6054281830955888,0.7667664673229146
late_mid,AVGO,toth,-4.409304303734454,2.381690832312364,2.6052978912404985,0.7663580323047421
late_mid,AVGO,rl_v4,-1.0369849344817945,5.751721070469204,2.5041071674154067,1.4231489831385562
late_mid,BIDU,twap,32.21231679919656,2.764342104563212,2.456465953042196,0.27932890777090097
late_mid,BIDU,ac_ra,11.858431694183194,-17.649674768156242,2.3572220626284808,0.27763338560643536
late_mid,BIDU,vwap_following,29.006525692685607,-0.45091991549256194,2.224030187325611,1.3456232697166972
late_mid,BIDU,pov_5pct_cap,29.006525692685607,-0.45091991549256194,2.224030187325611,1.3456232697166972
late_mid,BIDU,toth,29.009949006881133,-0.447486487751989,2.22395918234838,1.3463756056650138
late_mid,BIDU,rl_v4,7.17490995970724,-22.347033096458432,2.5243121931713346,0.5578847701662082
late_mid,BIIB,twap,11.18002835091879,1.3589679664927325,3.5617028789436995,1.6310362639883413
late_mid,BIIB,ac_ra,12.041021333191532,2.220807481598528,3.437247665315485,1.3175130642909236
late_mid,BIIB,vwap_following,12.775590206681594,2.956098587072302,3.5280216378072593,2.773931909131138
late_mid,BIIB,pov_5pct_cap,12.775590206681594,2.956098587072302,3.5280216378072593,2.773931909131138
late_mid,BIIB,toth,12.775590206681594,2.956098587072302,3.5280216378072593,2.773931909131138
late_mid,BIIB,rl_v4,11.535009887809853,1.7142985230997425,3.44031533266818,1.0700850607586436
late_mid,BKNG,twap,8.593562145239893,0.7726038724735668,7.135524156939324,3.263059588001392
late_mid,BKNG,ac_ra,2.390871488220695,-5.434942055433585,7.247283747551424,3.7032116153891557
late_mid,BKNG,vwap_following,8.60430242809908,0.7833525624879026,7.505709713666997,2.7082543902484093
late_mid,BKNG,pov_5pct_cap,8.60430728575698,0.7833574239482227,7.505894517864129,2.7080695038296785
late_mid,BKNG,toth,17.4865892193995,9.672592128134319,7.564574206636741,0.08140302661737907
late_mid,BKNG,rl_v4,1.218189016362667,-6.608542466196076,6.947916081505647,3.716655379112885
late_mid,BMRN,twap,17.262533875340775,2.717326022094482,3.8636208232425275,1.1030405614609284
late_mid,BMRN,ac_ra,4.093270099368751,-10.47112584527489,3.7862190747061892,1.4889619424814495
late_mid,BMRN,vwap_following,20.972222222222968,6.432419518441866,4.669099329942953,0.5679339041029783
late_mid,BMRN,pov_5pct_cap,20.975045167118374,6.435246576469608,4.669214151370369,0.5681043761318101
late_mid,BMRN,toth,20.972222222222968,6.432419518441866,4.669099329942953,0.5679339041029783
late_mid,BMRN,rl_v4,1.8212511291819016,-12.746455228890925,3.4755699447418102,1.7117041083234787
late_mid,CDNS,twap,7.111594695686195,1.403949471337903,2.2902835801907644,0.8050339339744265
late_mid,CDNS,ac_ra,0.4953417204973307,-5.216082513799363,1.9155035273786036,0.7905526308612552
late_mid,CDNS,vwap_following,6.361781706903895,0.6537082113340104,2.3537771029689427,1.9106347306968559
late_mid,CDNS,pov_5pct_cap,6.363005780351009,0.6549329839360319,2.3540495637307752,1.9109755244205904
late_mid,CDNS,toth,6.361781706903895,0.6537082113340104,2.3537771029689427,1.9106347306968559
late_mid,CDNS,rl_v4,0.1572254335272107,-5.55439192289117,1.9127044552865597,0.9004104053814176
late_mid,CDW,twap,22.182569579049247,1.6398948225076218,2.7236930164768265,1.3467463722447344
late_mid,CDW,ac_ra,12.588157846615431,-7.974270215804374,2.608448835068026,0.46420432116155236
late_mid,CDW,vwap_following,21.563178875763942,1.0192288962736558,2.2642593251255145,0.00571648601990371
late_mid,CDW,pov_5pct_cap,21.563398310353595,1.0194487826428111,2.264259373351103,0.006997705963068367
late_mid,CDW,toth,21.84588377280977,1.3025158359147297,2.1616904188007737,-0.3707820464975621
late_mid,CDW,rl_v4,8.822221409490512,-11.747960092789377,2.7244709907868785,0.5143854375491426
late_mid,CERN,twap,9.002705377763334,0.1874914361543124,2.9717285251661676,1.3530866914196757
late_mid,CERN,ac_ra,1.2568789178468844,-7.565169288188922,3.1303290632379115,1.4578183777871325
late_mid,CERN,vwap_following,8.224876278454584,-0.5910239539939026,3.033246765056867,1.1268218654094528
late_mid,CERN,pov_5pct_cap,8.224876278454584,-0.5910239539939026,3.033511106104885,1.1267558417366743
late_mid,CERN,toth,8.225008248101231,-0.5908918679083612,3.033378926557067,1.1261610840997878
late_mid,CERN,rl_v4,-0.2603761134966512,-9.083763017493318,3.2288247728628883,1.7206362829729638
late_mid,CHKP,twap,15.651175026307138,1.0589625288726203,2.619429124815103,0.8855032713837259
late_mid,CHKP,ac_ra,7.060943528590152,-7.543823666763503,2.224390997881273,0.6757193505975962
late_mid,CHKP,vwap_following,16.29796562609488,1.7066984187377512,2.861074070600909,2.715547032495805
late_mid,CHKP,pov_5pct_cap,16.295598035776685,1.7043273681657511,2.861249346962436,2.7149746267620904
late_mid,CHKP,toth,15.355576990527606,0.7629324739972493,2.8238704687288947,2.487702995448225
late_mid,CHKP,rl_v4,5.1517011574913925,-9.45585641216474,2.1509472759889574,0.6369373122846614
late_mid,CHTR,twap,6.747010866874545,1.5529954108844297,3.773587571670809,1.6630428334245024
late_mid,CHTR,ac_ra,2.138327274167172,-3.0580835553653047,3.8258955569829602,1.8630559482227602
late_mid,CHTR,vwap_following,6.111085795797548,0.916739816338086,3.4262368902174325,2.06959379169084
late_mid,CHTR,pov_5pct_cap,6.108827229592047,0.9144800762377789,3.426612907367913,2.0705055307730538
late_mid,CHTR,toth,3.413723761503172,-1.78202417786982,3.0678424067950663,1.6465873691896304
late_mid,CHTR,rl_v4,1.5244331296028102,-3.672296772775984,3.919520109957587,1.9882970308751857
late_mid,CMCSA,twap,3.6909916569884205,3.0481918202434715,2.112712502000036,0.8110992981313098
late_mid,CMCSA,ac_ra,1.7448516210757627,1.1019266402905166,2.1123010916742753,0.8374121669674018
late_mid,CMCSA,vwap_following,4.232337100010467,3.589572073790294,2.1128270260701627,0.8571917839875107
late_mid,CMCSA,pov_5pct_cap,4.232337100010467,3.589572073790294,2.1128270260701627,0.8571917839875107
late_mid,CMCSA,toth,4.232337100010467,3.589572073790294,2.1128270260701627,0.8571917839875107
late_mid,CMCSA,rl_v4,1.5505333192425976,0.9075958430680443,2.11226002400771,0.8917788036922732
late_mid,COST,twap,-11.66700647834523,1.388018614358237,1.8171771706603534,1.2592841550570344
late_mid,COST,ac_ra,-5.925942977406411,7.121595876690132,1.82196045862718,1.3978367964148724
late_mid,COST,vwap_following,-11.344404617051774,1.7101998089044455,1.5181150858166443,0.7794893589724707
late_mid,COST,pov_5pct_cap,-11.344240192046435,1.710364019502677,1.5181151719921868,0.7794401911204528
late_mid,COST,toth,-11.346114637112915,1.708492018677236,1.5181476228154216,0.7797027957416036
late_mid,COST,rl_v4,-4.109507053824354,8.935663202061093,1.7727367686229953,1.4093790103233876
late_mid,CPRT,twap,12.441629332095724,0.14220508907371088,2.8347724923957314,1.5206112147083954
late_mid,CPRT,ac_ra,12.436788712084905,0.13735850796240281,2.8990336983355496,1.082594471468952
late_mid,CPRT,vwap_following,11.930171481540329,-0.36988260882304025,2.673428403155483,-1.0118085460602348
late_mid,CPRT,pov_5pct_cap,11.92945053813328,-0.37060444005356885,2.6735310765454465,-1.0111390696095948
late_mid,CPRT,toth,11.928729594727692,-0.37132627128263196,2.6736340576994024,-1.01052005562413
late_mid,CPRT,rl_v4,11.879808435039301,-0.42030767613557246,3.0651613256670136,0.714387848421627
late_mid,CSCO,twap,-3.954234344669662,1.0943694157257766,2.0420937378813147,1.0893741311680565
late_mid,CSCO,ac_ra,-4.7990601695820185,0.24996994130809655,2.0419211913555886,1.155158045415938
late_mid,CSCO,vwap_following,-3.914189396260567,1.1343941550183179,2.0421019233776656,0.8294120963391792
late_mid,CSCO,pov_5pct_cap,-3.914189396260567,1.1343941550183179,2.0421019233776656,0.8294120963391792
late_mid,CSCO,toth,-3.914189396260567,1.1343941550183179,2.0421019233776656,0.8294120963391792
late_mid,CSCO,rl_v4,-4.509347226478055,0.5395366776402442,2.0419803414221205,1.4026119019749868
late_mid,CSGP,twap,5.138520771574234,6.956683482235856,16.707998690347292,8.342624181354267
late_mid,CSGP,ac_ra,1.6877988680590676,3.5065892986648715,19.073783190676078,10.128110641245081
late_mid,CSGP,vwap_following,-1.305047549380116,0.5142873091566038,15.796099255088105,2.0468129904646415
late_mid,CSGP,pov_5pct_cap,-1.3042313171357507,0.515103392920369,15.794254686204539,2.0480390317290564
late_mid,CSGP,toth,-15.802379393985426,-13.980407329498556,13.509250203149342,-1.7596521267804757
late_mid,CSGP,rl_v4,0.4982866823282591,2.317293496793356,19.194041464487658,10.190151271104808
late_mid,CSX,twap,3.8009800718761846,-0.7311604268361236,1.960635390552513,0.9591368917228581
late_mid,CSX,ac_ra,0.25821626920038326,-4.275530470371622,1.9282892615631508,1.2582948778768734
late_mid,CSX,vwap_following,2.3445932701738004,-2.1882075344800587,1.8567425885798419,1.2498397452946357
late_mid,CSX,pov_5pct_cap,2.3445932701738004,-2.1882075344800587,1.8567425885798419,1.2498397452946357
late_mid,CSX,toth,2.345638680169751,-2.187161650509453,1.857003975126818,1.249578512256954
late_mid,CSX,rl_v4,0.10388761842304313,-4.429929091657443,2.0609634407319697,1.2941414954970447
late_mid,CTAS,twap,7.776716753263639,1.88961271266479,4.016539767698818,1.7803199298011807
late_mid,CTAS,ac_ra,3.2578289566079617,-2.631937470714301,4.166550354535696,1.8778917136074387
late_mid,CTAS,vwap_following,7.804030332819955,1.916942384524091,3.812847522644659,1.4304593091284632
late_mid,CTAS,pov_5pct_cap,7.806206993401825,1.9191203275259938,3.81256731107385,1.4306882091178288
late_mid,CTAS,toth,11.681926695690132,5.797123482102425,3.1908765999079827,2.1804541758188414
late_mid,CTAS,rl_v4,2.2098722089578002,-3.680511641557338,4.117131450077967,1.9583817248876005
late_mid,CTSH,twap,8.509819511808372,-0.13881283520024654,1.618007190852688,0.3859962086525549
late_mid,CTSH,ac_ra,2.4823089766982296,-6.171540782492576,1.597792746480145,0.5430542237392607
late_mid,CTSH,vwap_following,8.221515464738559,-0.42736643820838355,1.591388375124537,0.21080636905227979
late_mid,CTSH,pov_5pct_cap,8.221515464738559,-0.42736643820838355,1.591388375124537,0.21080636905227979
late_mid,CTSH,toth,8.221515464738559,-0.42736643820838355,1.591388375124537,0.21080636905227979
late_mid,CTSH,rl_v4,1.4710980361020005,-7.183627027121788,1.6939902478762878,0.6813842628880847
late_mid,CTXS,twap,24.181911481720313,-0.10098566947056901,1.814571352021995,0.6487085224557909
late_mid,CTXS,ac_ra,13.767799871708563,-10.540447060212381,1.8059926134653248,0.4171688924392079
late_mid,CTXS,vwap_following,22.234680350652237,-2.0529567038594276,1.8458219961316138,-0.03579268728333404
late_mid,CTXS,pov_5pct_cap,22.231686978831746,-2.055957362073819,1.8457358109297652,-0.035235780322540905
late_mid,CTXS,toth,22.234680350652237,-2.0529567038594276,1.8458219961316138,-0.03579268728333404
late_mid,CTXS,rl_v4,10.979003634812184,-13.336031718027757,1.818377651041828,0.14219830218430993
late_mid,DLTR,twap,3.564105366707881,1.5477700862362544,2.8068975843306925,1.558444959279615
late_mid,DLTR,ac_ra,7.140999016290091,5.125385214647136,2.934283217197196,1.1044692989139773
late_mid,DLTR,vwap_following,2.7420483112923164,0.7255472174587209,2.9025861866462517,0.8158850236548038
late_mid,DLTR,pov_5pct_cap,2.7420483112923164,0.7255472174587209,2.9025861866462517,0.8158850236548038
late_mid,DLTR,toth,2.7420483112923164,0.7255472174587209,2.9025861866462517,0.8158850236548038
late_mid,DLTR,rl_v4,7.269537654392721,5.253949779689491,2.82302050233181,0.8003184166184067
late_mid,EA,twap,6.680412371134465,0.8551831596609106,2.208128536963552,1.0009151865044945
late_mid,EA,ac_ra,6.999733380733583,1.1746903054139513,2.263405423837707,1.2154985393288562
late_mid,EA,vwap_following,7.30163526484115,1.4767681718524015,2.057279858264462,0.2697710267294201
late_mid,EA,pov_5pct_cap,7.30163526484115,1.4767681718524015,2.057279858264462,0.2697710267294201
late_mid,EA,toth,7.30163526484115,1.4767681718524015,2.057279858264462,0.2697710267294201
late_mid,EA,rl_v4,7.844560966935587,2.0200103520332013,2.5515834943994986,0.9496425693755405
late_mid,EBAY,twap,-7.316487505237191,2.7748445714868355,2.789696594651988,1.4887606290234427
late_mid,EBAY,ac_ra,-6.228395923489192,3.861838926671149,2.7899998403534996,1.9535682861744437
late_mid,EBAY,vwap_following,-6.264135138910691,3.8261357505106663,2.789989873492061,2.3073808738739436
late_mid,EBAY,pov_5pct_cap,-6.264135138910691,3.8261357505106663,2.789989873492061,2.3073808738739436
late_mid,EBAY,toth,-6.264135138910691,3.8261357505106663,2.789989873492061,2.3073808738739436
late_mid,EBAY,rl_v4,-4.923076923080607,5.165841649382748,2.7903637471022082,2.0777030259428138
late_mid,EXC,twap,-4.149402179667631,1.7232131179337824,2.1150774811575825,1.339924061093055
late_mid,EXC,ac_ra,0.3785842767980884,6.248541565061318,2.116034885896912,1.123606765082693
late_mid,EXC,vwap_following,-4.0802031531068765,1.792371523423657,2.1150921267104983,1.7034406812423684
late_mid,EXC,pov_5pct_cap,-4.0802031531068765,1.792371523423657,2.1150921267104983,1.7034406812423684
late_mid,EXC,toth,-4.078933446197753,1.7936404849920302,2.115092395175916,1.7036530375606067
late_mid,EXC,rl_v4,1.2959475187840455,7.165366298355355,2.1162288602868595,1.0305350690124573
late_mid,EXPE,twap,6.536329856290152,0.2977623268932381,2.2392126868251814,0.9627234970420031
late_mid,EXPE,ac_ra,-0.8711107131645953,-7.114302446915261,1.799394948591877,1.0112776005903445
late_mid,EXPE,vwap_following,7.103639700945475,0.8654263231113024,2.1908888580385186,0.9938904802198143
late_mid,EXPE,pov_5pct_cap,7.104624613869004,0.8664118508812942,2.1908890343487686,0.994383091096738
late_mid,EXPE,toth,7.103639700945475,0.8654263231113024,2.1908888580385186,0.9938904802198143
late_mid,EXPE,rl_v4,-1.6524152751043557,-7.89609474978565,1.681396606447463,1.0981581844605637
late_mid,FAST,twap,2.154967602589437,5.000211377899536,3.5547298890576537,1.6243637295819042
late_mid,FAST,ac_ra,3.7221922246222086,6.566989990208623,3.772894217027202,1.7433266981922941
late_mid,FAST,vwap_following,2.9306155507557756,5.775638587747848,3.60614776328655,1.1542508747395668
late_mid,FAST,pov_5pct_cap,2.9306155507557756,5.775638587747848,3.60614776328655,1.1542508747395668
late_mid,FAST,toth,2.9306155507557756,5.775638587747848,3.60614776328655,1.1542508747395668
late_mid,FAST,rl_v4,3.3444924406128025,6.189397694158463,3.826051272923355,1.75924122960281
late_mid,FB,twap,2.2259321842962247,0.8495071786490954,0.9235989581052596,0.3074338817150922
late_mid,FB,ac_ra,-2.7582291314638643,-4.1353403222778775,0.7703384431262414,0.7112516487705436
late_mid,FB,vwap_following,0.8831812549296102,-0.4934286114618211,0.9056628568646782,-0.21001870605442072
late_mid,FB,pov_5pct_cap,0.8831812549296102,-0.4934286114618211,0.9056628568646782,-0.21001870605442072
late_mid,FB,toth,0.8831812549296102,-0.4934286114618211,0.9056628568646782,-0.21001870605442072
late_mid,FB,rl_v4,-3.340047313284609,-4.717238604837924,0.7483768244632286,0.8553439684193288
late_mid,FISV,twap,0.7434210526292043,1.5469083940238395,1.2214767201989436,0.6100841914261528
late_mid,FISV,ac_ra,-0.5332278481017598,0.2703620780423557,1.195509426316888,0.47557984837054296
late_mid,FISV,vwap_following,0.7042804796807998,1.50777096620474,1.0551977433080793,0.399669319169877
late_mid,FISV,pov_5pct_cap,0.7043637574953796,1.5078542373275554,1.05519774330577,0.3995443539042176
late_mid,FISV,toth,0.7042804796807998,1.50777096620474,1.0551977433080793,0.399669319169877
late_mid,FISV,rl_v4,-0.6389906728809376,0.16460775180406728,1.3023079943451585,0.6351531775731357
late_mid,FOX,twap,15.633251199583093,-1.9436884647812542,2.5540299950718413,0.5431170602640418
late_mid,FOX,ac_ra,9.986772143691661,-7.600107842796111,2.575686534365389,0.6072929687625015
late_mid,FOX,vwap_following,15.608870444817912,-1.9681121405514677,2.5974166218404795,-0.03502690405862924
late_mid,FOX,pov_5pct_cap,15.607054856697944,-1.96993092491649,2.5974161483209794,-0.033466671050710606
late_mid,FOX,toth,15.606276747501566,-1.970710403932181,2.597415945961001,-0.03450586829605179
late_mid,FOX,rl_v4,8.239657631948711,-9.35029805549559,2.590303266948502,0.5453577063686059
late_mid,FOXA,twap,15.9488154060595,1.2786192688477789,2.5376195373703103,0.3828845281005319
late_mid,FOXA,ac_ra,10.407449638921666,-4.270888776526507,2.536210183305678,0.5383531340321196
late_mid,FOXA,vwap_following,15.920942607375476,1.2507055149026078,2.537611058936658,-0.16171513906365675
late_mid,FOXA,pov_5pct_cap,15.920942607375476,1.2507055149026078,2.537611058936658,-0.16171513906365675
late_mid,FOXA,toth,15.923223109083697,1.252989367495827,2.5376116401741284,-0.162986531616887
late_mid,FOXA,rl_v4,8.654503990882983,-6.026410138170733,2.535765065561956,0.4709564550938966
late_mid,GILD,twap,6.241398490271665,1.3229355576126929,1.5900601883164456,0.7163835777257338
late_mid,GILD,ac_ra,2.9620977354027196,-1.9579791164883447,1.5895384342991954,0.6455291781798852
late_mid,GILD,vwap_following,6.5002781088575174,1.5819425847000714,1.5901014962481237,0.3150306875265298
late_mid,GILD,pov_5pct_cap,6.5002781088575174,1.5819425847000714,1.5901014962481237,0.3150306875265298
late_mid,GILD,toth,6.5002781088575174,1.5819425847000714,1.5901014962481237,0.3150306875265298
late_mid,GILD,rl_v4,1.8959078267800975,-3.024693754169755,1.589368814046765,0.6857615659736834
late_mid,GOOG,twap,-1.46116178981013,1.996850388483829,3.116388489486131,2.0128864136786557
late_mid,GOOG,ac_ra,1.2791682710794716,4.736232978341967,2.9046897025133305,1.4325067289721323
late_mid,GOOG,vwap_following,-2.0984457900709304,1.3597867296109798,3.4530728904593677,1.530979944544844
late_mid,GOOG,pov_5pct_cap,-2.0972190512538456,1.3610130442822623,3.4532026759958216,1.5312836379816788
late_mid,GOOG,toth,-2.0984457900709304,1.3597867296109798,3.4530728904593677,1.530979944544844
late_mid,GOOG,rl_v4,1.2752631525115443,4.73232920997151,2.5921044507661875,1.2573700355477384
late_mid,GOOGL,twap,-2.7663603035194906,1.8625348306362421,2.626090165810226,1.7620179258186612
late_mid,GOOGL,ac_ra,-0.009364822234328087,4.618254480565505,2.2470738497794858,1.176734791850998
late_mid,GOOGL,vwap_following,-3.936485633898045,0.6929509892071485,2.144316748850968,1.0451209437641027
late_mid,GOOGL,pov_5pct_cap,-3.931649757012273,0.697784628235294,2.144174668995802,1.0443749571682994
late_mid,GOOGL,toth,-3.936485633898045,0.6929509892071485,2.144316748850968,1.0451209437641027
late_mid,GOOGL,rl_v4,0.15362946542430583,4.781173340743594,2.1501408047126094,1.1370190846734243
late_mid,IDXX,twap,3.2981308085916026,2.0677010633931503,6.184014588644036,2.9673147406382445
late_mid,IDXX,ac_ra,5.228201468898375,3.99800928368539,6.218349124649606,3.0910459660664844
late_mid,IDXX,vwap_following,1.722336315220073,0.49171261561122254,6.838571868250929,1.424880074536304
late_mid,IDXX,pov_5pct_cap,1.7230324758941777,0.49240886197126754,6.838954907302731,1.4242189967988352
late_mid,IDXX,toth,2.1262139301728946,0.8956399412623682,7.4966988189703985,0.42487444434428284
late_mid,IDXX,rl_v4,5.735041247515835,4.50491144595176,6.115224688318174,2.9487752426754175
late_mid,ILMN,twap,-7.953133666113336,2.023393086517835,4.156034632413513,2.192257384882791
late_mid,ILMN,ac_ra,-7.918746533557481,2.0577459399215687,4.6433360549477,2.850617366177898
late_mid,ILMN,vwap_following,-7.738183274791714,2.238129202422609,4.5036881404235505,0.41242763560898427
late_mid,ILMN,pov_5pct_cap,-7.737228076664044,2.2390834483516087,4.50341143126409,0.41241211337167155
late_mid,ILMN,toth,-7.73750539225023,2.2388064092101976,4.503749989732361,0.41244318282468384
late_mid,ILMN,rl_v4,-6.468478461820853,3.506568297632269,4.93034529239269,3.266812438963478
late_mid,INCY,twap,13.69885128842307,0.04712205856641336,4.039872924198447,1.1918043320019756
late_mid,INCY,ac_ra,2.7282210493616095,-10.938505532494979,3.851881288281154,1.1480268205569326
late_mid,INCY,vwap_following,13.936541446755374,0.2851371501882146,4.49894502741451,0.4588394969242421
late_mid,INCY,pov_5pct_cap,13.943247438684063,0.2918523095137875,4.499570020802472,0.4598327529094076
late_mid,INCY,toth,13.938528407328667,0.28712682702725406,4.499070902430284,0.4587777581913821
late_mid,INCY,rl_v4,1.6515367898225561,-12.016661668533487,4.054443113696082,1.6133783302842246
late_mid,INTC,twap,14.337501048924485,0.5506736640499983,1.6805436888078653,0.6163023411261439
late_mid,INTC,ac_ra,9.483930519419369,-4.309598007126752,1.6797272487069739,0.08693538618664949
late_mid,INTC,vwap_following,13.926659394141833,0.13926477569845686,1.6804745224835307,0.8779150406326252
late_mid,INTC,pov_5pct_cap,13.926659394141833,0.13926477569845686,1.6804745224835307,0.8779150406326252
late_mid,INTC,toth,13.925148946884239,0.13775224302333233,1.6804742683494815,0.8775782987889456
late_mid,INTC,rl_v4,8.570109926989296,-5.224680277164086,1.6795736346180032,0.006966307338442463
late_mid,INTU,twap,-9.710843804816692,3.072018445861289,2.0497421505089966,1.4676819457185857
late_mid,INTU,ac_ra,-6.386818458448158,6.39179885860652,1.660339790735845,1.0553760715586702
late_mid,INTU,vwap_following,-10.238499266099764,2.545036824930117,1.7689915835931294,0.3211177873103965
late_mid,INTU,pov_5pct_cap,-10.23599326960838,2.54753962114844,1.768706130070288,0.31976032210117666
late_mid,INTU,toth,-10.238499266099764,2.545036824930117,1.7689915835931294,0.3211177873103965
late_mid,INTU,rl_v4,-4.645580496177858,8.130813179718283,1.8009676382909283,1.2640879603613189
late_mid,ISRG,twap,4.935843084994729,2.60604190150144,4.357148690330187,2.1218731985233887
late_mid,ISRG,ac_ra,0.29490692541697094,-2.0359760378815643,3.9489143237870503,2.036319934193559
late_mid,ISRG,vwap_following,5.431891059011963,3.102205501905738,4.515282654604971,1.0507472819228696
late_mid,ISRG,pov_5pct_cap,5.431258068548168,3.101572363894924,4.515165836813312,1.0510472855484096
late_mid,ISRG,toth,9.803856244535122,7.475189771399096,5.03501826826958,2.121519238740729
late_mid,ISRG,rl_v4,0.06374880273755375,-2.267188042402992,3.954448167610676,2.137635264068633
late_mid,JD,twap,13.801817502791026,1.8530421975699785,2.4928615063790422,0.8723016676580306
late_mid,JD,ac_ra,7.117390763104395,-4.839382652278007,2.4911939583629437,0.6311850701788155
late_mid,JD,vwap_following,13.090252707579316,1.140625994475338,2.4926837496670524,0.6615232193940874
late_mid,JD,pov_5pct_cap,13.090252707579316,1.140625994475338,2.4926837496670524,0.6615232193940874
late_mid,JD,toth,13.088509896675163,1.1388810982474682,2.4926833143460447,0.6607745604239081
late_mid,JD,rl_v4,5.177144279844415,-6.781950696640774,2.4907102180118543,0.6945771236185815
late_mid,KHC,twap,3.6277195809837273,0.7064462829703398,3.223860360158059,1.3446106411853898
late_mid,KHC,ac_ra,-2.460596293311676,-5.383648800231508,3.221895999010801,1.899979178627301
late_mid,KHC,vwap_following,1.8539887187766777,-1.0678029225376868,3.2232884545069367,0.732973993510909
late_mid,KHC,pov_5pct_cap,1.8539887187766777,-1.0678029225376868,3.2232884545069367,0.732973993510909
late_mid,KHC,toth,1.8568896051581745,-1.0649011884204627,3.223289391033363,0.7332975637022718
late_mid,KHC,rl_v4,-2.7777598710735107,-5.700905063766222,3.221793355153701,2.0913863368884895
late_mid,KLAC,twap,27.33574128517563,1.1344776100184975,4.25003589176654,1.816151490566532
late_mid,KLAC,ac_ra,20.66453870922181,-5.554252271897741,4.533636213886638,1.0338024002097588
late_mid,KLAC,vwap_following,28.34232115357706,2.1437020740723924,4.263086590373887,2.8434174796178455
late_mid,KLAC,pov_5pct_cap,28.343329133418102,2.1447127021872463,4.263423640629301,2.8431371451548975
late_mid,KLAC,toth,26.879518409631096,0.6770560963220424,4.176683887850352,2.905842102629534
late_mid,KLAC,rl_v4,18.67590648187368,-7.548109249221396,4.396038271804051,0.491085255410371
late_mid,LBTYA,twap,19.02703973665672,1.4062399631487046,4.71042098832305,1.9629348898213836
late_mid,LBTYA,ac_ra,12.606630613684013,-5.025504001033407,4.707393266967649,1.600892648705804
late_mid,LBTYA,vwap_following,20.466964495650327,2.848706821591746,4.711100651358422,2.5701652181497385
late_mid,LBTYA,pov_5pct_cap,20.466964495650327,2.848706821591746,4.711100651358422,2.5701652181497385
late_mid,LBTYA,toth,20.46790500823065,2.8496489945897383,4.711101095727695,2.570165440439142
late_mid,LBTYA,rl_v4,10.38843169526206,-7.247619014524943,4.706348040738631,1.4936402665290323
late_mid,LBTYK,twap,16.109997555618133,1.090208188227528,4.895474613534456,2.0405530842729873
late_mid,LBTYK,ac_ra,9.125886091422249,-5.904410190916829,4.89205156342753,1.9502821296668273
late_mid,LBTYK,vwap_following,17.80053776582622,2.7832916514029673,4.89630282882805,3.0130557652652743
late_mid,LBTYK,pov_5pct_cap,17.80053776582622,2.7832916514029673,4.89630282882805,3.0130557652652743
late_mid,LBTYK,toth,17.80053776582622,2.7832916514029673,4.89630282882805,3.0130557652652743
late_mid,LBTYK,rl_v4,8.011733072592778,-7.020239344365349,4.8915057152566614,1.8552436928805385
late_mid,LRCX,twap,8.589974166967089,1.8619753539387873,3.213047554138574,1.9241448294706465
late_mid,LRCX,ac_ra,10.516366371273996,3.7896647489755817,3.617490336547497,1.383416963386905
late_mid,LRCX,vwap_following,8.67865668225351,1.9507175861076154,3.2303398710014273,1.1915525739546797
late_mid,LRCX,pov_5pct_cap,8.681174585527861,1.9532371848834231,3.2303731108082085,1.1913734649870336
late_mid,LRCX,toth,8.67865668225351,1.9507175861076154,3.2303398710014273,1.1915525739546797
late_mid,LRCX,rl_v4,9.785651221345267,3.058457551312983,3.6820253118722457,1.1176030306663847
late_mid,LULU,twap,-3.173817881475964,0.5837548705406228,3.0477559103213787,1.53088620895583
late_mid,LULU,ac_ra,-7.803592814367677,-4.0442809427024144,3.0784574290071647,2.215734105690415
late_mid,LULU,vwap_following,-2.213751806731449,1.5434603079326061,3.2868511267101743,0.9300013317259573
late_mid,LULU,pov_5pct_cap,-2.2128019822425467,1.5444097756312853,3.2867275272146608,0.9304143885188403
late_mid,LULU,toth,-2.213751806731449,1.5434603079326061,3.2868511267101743,0.9300013317259573
late_mid,LULU,rl_v4,-7.872971298787277,-4.113633365923101,2.8872097826762433,2.4385765726242807
late_mid,MAR,twap,6.887765621365552,1.1547168768280947,2.5846379302842353,1.2311321372017037
late_mid,MAR,ac_ra,3.715074324103453,-2.019794593512416,2.8216263380688633,1.275781204255813
late_mid,MAR,vwap_following,6.879185926642039,1.1461322599335002,2.268675533407721,0.815262050336849
late_mid,MAR,pov_5pct_cap,6.878720361811421,1.1456664280083275,2.268741971770016,0.815128910051502
late_mid,MAR,toth,8.025073991556049,2.2926777208596683,2.492671004897389,1.065011874077118
late_mid,MAR,rl_v4,3.035881746529754,-2.6993768238852467,2.7693831013279286,1.2358511494579139
late_mid,MCHP,twap,25.214738474167625,-8.97918982827247,3.0470055415954307,0.8910557664706699
late_mid,MCHP,ac_ra,8.506908659768936,-25.744294693690705,3.145958190202001,0.9413739762986499
late_mid,MCHP,vwap_following,21.157462720596126,-13.050374071358618,2.9191254031680436,0.36592634518047384
late_mid,MCHP,pov_5pct_cap,21.157462720596126,-13.050374071358618,2.9191254031680436,0.36592634518047384
late_mid,MCHP,toth,21.153176159421882,-13.05467532702118,2.918941213712203,0.36500829479899066
late_mid,MCHP,rl_v4,4.622372201189105,-29.642147485170973,3.1654897597600784,1.166531399736344
late_mid,MDLZ,twap,-4.850731352773136,0.3042898204796533,1.8159799660843283,0.9085896201757884
late_mid,MDLZ,ac_ra,-7.16235123104084,-2.006138990601047,1.8155605368547216,1.3631405414288271
late_mid,MDLZ,vwap_following,-4.477877714183559,0.6769513454182562,1.8160476402050654,1.765322625323863
late_mid,MDLZ,pov_5pct_cap,-4.477877714183559,0.6769513454182562,1.8160476402050654,1.765322625323863
late_mid,MDLZ,toth,-4.477514309074762,0.6773145632817783,1.8160477062127127,1.7649594182679478
late_mid,MDLZ,rl_v4,-7.14872353956745,-1.9925183208254282,1.8155630443334458,1.6819264947357426
late_mid,MELI,twap,7.031595870586297,4.140325929411737,7.41773751284832,4.063205045906904
late_mid,MELI,ac_ra,7.513535239262667,4.622404737817501,7.183599268484671,3.3414432635720117
late_mid,MELI,vwap_following,6.312475344800126,3.4209973401677205,7.052101083711029,2.2181797066366613
late_mid,MELI,pov_5pct_cap,6.312475344800126,3.4209973401677205,7.052101083711029,2.2181797066366613
late_mid,MELI,toth,7.601155165867618,4.710050015534333,6.386859927930318,1.6904956500825277
late_mid,MELI,rl_v4,6.844804358657852,3.9534803730130337,7.111651754016668,3.2770173178504014
late_mid,MNST,twap,-1.5729954053599808,-0.03644016841171654,1.5806748122845684,0.9397331884791632
late_mid,MNST,ac_ra,2.251519193715949,3.7874868652943765,1.654235124258001,0.7852816983667352
late_mid,MNST,vwap_following,-2.1576997183945554,-0.6210546525289126,1.5752965169277477,-0.3088903250938575
late_mid,MNST,pov_5pct_cap,-2.1576997183945554,-0.6210546525289126,1.5752965169277477,-0.3088903250938575
late_mid,MNST,toth,-2.157551504373883,-0.6209064612785615,1.57529653886912,-0.3081496392146734
late_mid,MNST,rl_v4,3.353935082260133,4.889733388189015,1.6946928705214817,0.6229541620327296
late_mid,MSFT,twap,-0.19068802789421935,1.2558956975954088,0.6412023484232929,0.37056633533845934
late_mid,MSFT,ac_ra,-3.3597643451902366,-1.9127221950196753,0.6611203734919087,0.6614842983862164
late_mid,MSFT,vwap_following,-0.39977155910953704,1.0468424114867054,0.6011183298737985,0.29651249649162253
late_mid,MSFT,pov_5pct_cap,-0.39977155910953704,1.0468424114867054,0.6011183298737985,0.29651249649162253
late_mid,MSFT,toth,-0.39977155910953704,1.0468424114867054,0.6011183298737985,0.29651249649162253
late_mid,MSFT,rl_v4,-3.079443325610893,-1.6324417254495749,0.6556143149044862,0.698423526681048
late_mid,MU,twap,33.18512095724906,2.10564470043277,1.7397794805298827,0.28913296470961125
late_mid,MU,ac_ra,21.27963235932174,-9.83696873172651,1.7377036362600173,-0.49079074294973046
late_mid,MU,vwap_following,30.2531865082809,-0.8354323872017195,1.7392682199973462,-0.17702128618221935
late_mid,MU,pov_5pct_cap,30.2531865082809,-0.8354323872017195,1.7392682199973462,-0.17702128618221935
late_mid,MU,toth,30.2554409086951,-0.8331709569003374,1.7392686134662252,-0.17649892590507937
late_mid,MU,rl_v4,17.561605826758353,-13.566589170542134,1.755656629413474,-0.8277021123806251
late_mid,MXIM,twap,11.073083197387621,-0.13540722928418766,1.9870510840182352,0.708088724022492
late_mid,MXIM,ac_ra,4.25089722675583,-6.9652483171050115,2.135664574039771,0.7197987305030363
late_mid,MXIM,vwap_following,9.753344208808729,-1.4566270858224104,2.0218847989507864,-0.22166237726475166
late_mid,MXIM,pov_5pct_cap,9.75318107667211,-1.4567904010082207,2.022047891526006,-0.2205998182926962
late_mid,MXIM,toth,9.753344208808729,-1.4566270858224104,2.0218847989507864,-0.22166237726475166
late_mid,MXIM,rl_v4,2.9845024469812143,-8.23306410775334,2.224005875900394,0.8266526983265358
late_mid,NFLX,twap,3.9017416245292034,0.09374098074446488,2.3211914068116677,1.1091961999878073
late_mid,NFLX,ac_ra,2.8025074662177873,-1.0059119293913459,2.0962185380801204,0.9506713378262619
late_mid,NFLX,vwap_following,3.1183062775362584,-0.6899928149260145,2.198305874642399,0.47770026866732707
late_mid,NFLX,pov_5pct_cap,3.1183062775362584,-0.6899928149260145,2.198305874642399,0.47770026866732707
late_mid,NFLX,toth,3.1179218782333806,-0.6903773606653072,2.1982466207398126,0.47719701847259965
late_mid,NFLX,rl_v4,2.166858866321366,-1.6418026787960114,2.1007571245364036,0.9506577463000438
late_mid,NTAP,twap,10.183045399758935,1.6812726899795716,3.003420331599516,1.6350357571667946
late_mid,NTAP,ac_ra,11.9498593812805,3.4495903077498906,3.267878078107555,0.9074681834303465
late_mid,NTAP,vwap_following,9.412936922460792,0.9105088165650016,2.613273961943448,1.221484456971325
late_mid,NTAP,pov_5pct_cap,9.412776215347625,0.9103479726830267,2.6134346690194246,1.2205196586769547
late_mid,NTAP,toth,9.412936922460792,0.9105088165650016,2.613273961943448,1.221484456971325
late_mid,NTAP,rl_v4,11.570590598626103,3.069998750714273,3.328783872606771,0.6127961533269625
late_mid,NTES,twap,-19.718294950654315,3.647613596927722,6.796266055252921,3.5712763718028997
late_mid,NTES,ac_ra,-13.806837362327927,9.545285710121403,8.515652671758206,5.3461147552774495
late_mid,NTES,vwap_following,-20.573165498497907,2.794736600844064,6.452698246588088,2.789939299938821
late_mid,NTES,pov_5pct_cap,-20.57551137176249,2.7923961981384884,6.453210014424352,2.79196698778285
late_mid,NTES,toth,-20.340094407096068,3.0272641721940943,7.106846037347018,9.127153382410464
late_mid,NTES,rl_v4,-12.672836504080971,10.676642086800449,9.285885701336298,5.957641618654745
late_mid,NVDA,twap,-10.93970709695676,0.9317444133978076,1.7105341326280552,1.0378514758219302
late_mid,NVDA,ac_ra,-8.58205918494656,3.2865965136575794,1.7551449840063673,1.618189941641651
late_mid,NVDA,vwap_following,-13.127535706375978,-1.2534897641289404,1.6006513601145247,1.3859332011082715
late_mid,NVDA,pov_5pct_cap,-13.127535706375978,-1.2534897641289404,1.6006513601145247,1.3859332011082715
late_mid,NVDA,toth,-13.127535706375978,-1.2534897641289404,1.6006513601145247,1.3859332011082715
late_mid,NVDA,rl_v4,-6.559698636200895,5.3065588504577805,1.6899576634384168,1.6819203012286432
late_mid,NXPI,twap,-17.66366704161568,3.608464507270363,3.542030095131904,2.3834311866930373
late_mid,NXPI,ac_ra,-7.6182227221653696,13.632577704002568,3.120378435498637,2.3059646617206684
late_mid,NXPI,vwap_following,-16.155230596175315,5.113697844723971,3.3648860833207426,2.4697219290846544
late_mid,NXPI,pov_5pct_cap,-16.15425571803541,5.114670652746855,3.36503606497264,2.4693856187849628
late_mid,NXPI,toth,-16.158455193098952,5.110480095110469,3.3650348369826757,2.4695344243970374
late_mid,NXPI,rl_v4,-4.500937382834188,16.743243605307313,3.1440819119802055,2.2791243834633073
late_mid,ORLY,twap,-6.783196665614184,2.6854264703927098,4.201447019193453,2.273520392593325
late_mid,ORLY,ac_ra,-6.9249082589585464,2.5438489674593225,3.9835278883165786,2.6178194258881895
late_mid,ORLY,vwap_following,-7.892130657365745,1.5775417746880644,4.411227947138827,2.926564844738028
late_mid,ORLY,pov_5pct_cap,-7.8911566166837295,1.5785148937128446,4.410572165154414,2.9261806631414866
late_mid,ORLY,toth,-7.600235581932091,1.869160653025187,4.373799187802949,3.045844725030994
late_mid,ORLY,rl_v4,-5.476826892579965,3.990560129601533,3.936509424898132,2.755209041672765
late_mid,PAYX,twap,1.9375248480678917,0.1321953196661463,1.419940500440618,0.625009039011651
late_mid,PAYX,ac_ra,-0.5177486227072129,-2.3235214947776046,1.4439222960030005,0.7739995096392196
late_mid,PAYX,vwap_following,2.25092292838142,0.4456499896249124,1.3280704193669817,0.3884274448703158
late_mid,PAYX,pov_5pct_cap,2.250014198897894,0.44474109605397677,1.328070316072913,0.3876883693043911
late_mid,PAYX,toth,2.2499006077128563,0.44462748435801347,1.3280703031743517,0.3879728670189926
late_mid,PAYX,rl_v4,-0.5576191287537481,-2.3633992001592166,1.3875810275539389,0.8006218667567622
late_mid,PCAR,twap,17.581880646398275,1.5672261844266946,2.9735823682382994,1.167379850255792
late_mid,PCAR,ac_ra,7.196971624888927,-8.834343202097422,2.990910984087459,0.9479165511746467
late_mid,PCAR,vwap_following,18.21185901514275,2.1982152187006387,3.4927087461970427,2.7683934818881215
late_mid,PCAR,pov_5pct_cap,18.209186919455792,2.1955388362077555,3.4928352835475183,2.7684566081321282
late_mid,PCAR,toth,18.21185901514275,2.1982152187006387,3.4927087461970427,2.7683934818881215
late_mid,PCAR,rl_v4,4.068202061328655,-11.96813220712493,2.8510349721571524,1.0337566405589986
late_mid,PEP,twap,-3.7524450744145263,0.8538087312344927,0.9683292327026665,0.5612093955658296
late_mid,PEP,ac_ra,-2.555563430190964,2.0501392681951667,0.9977018529116021,0.6213542939201451
late_mid,PEP,vwap_following,-4.389298369949115,0.21724867645454066,1.0848650124361263,-0.3781183552761546
late_mid,PEP,pov_5pct_cap,-4.389298369949115,0.21724867645454066,1.0848650124361263,-0.3781183552761546
late_mid,PEP,toth,-4.390077958893173,0.21646944647423816,1.0849357512097413,-0.37868484983398776
late_mid,PEP,rl_v4,-2.1822820694496246,2.4232487505640723,0.9841418425356252,0.7126782286627363
late_mid,PYPL,twap,0.8996167262358749,0.5295592640939667,1.0335301845227296,0.4449817609223496
late_mid,PYPL,ac_ra,-0.8572412902147638,-1.2273637720478434,0.9632913885255128,0.7684849254482218
late_mid,PYPL,vwap_following,1.906291718702608,1.5362715126716133,0.9950380139478419,0.38609503387988037
late_mid,PYPL,pov_5pct_cap,1.906291718702608,1.5362715126716133,0.9950380139478419,0.38609503387988037
late_mid,PYPL,toth,1.906291718702608,1.5362715126716133,0.9950380139478419,0.38609503387988037
late_mid,PYPL,rl_v4,-0.14047629301459036,-0.5105722480376921,0.9388218621153906,0.6725876618722851
late_mid,QCOM,twap,6.710826433370374,1.4342165720875606,1.3199388577869298,0.5472396976919767
late_mid,QCOM,ac_ra,4.638754361294788,-0.6389495858029073,1.386829760734308,0.297741348576353
late_mid,QCOM,vwap_following,7.849710982659909,2.5737024698760003,1.2953557827946216,1.2987865901779807
late_mid,QCOM,pov_5pct_cap,7.849710982659909,2.5737024698760003,1.2953557827946216,1.2987865901779807
late_mid,QCOM,toth,7.849710982659909,2.5737024698760003,1.2953557827946216,1.2987865901779807
late_mid,QCOM,rl_v4,4.1011300317690145,-1.176857789215403,1.3721083713954647,0.21765145765029936
late_mid,QQQ,twap,2.5064733996024713,0.7452884297824411,0.4488650176027676,0.22377265020303858
late_mid,QQQ,ac_ra,0.23070882042424568,-1.530877054118657,0.4487628436539371,0.20071708712751452
late_mid,QQQ,vwap_following,1.8716090380777213,0.11031222886830636,0.4488365251076076,-0.11230820101496469
late_mid,QQQ,pov_5pct_cap,1.8716090380777213,0.11031222886830636,0.4488365251076076,-0.11230820101496469
late_mid,QQQ,toth,1.8709807705258075,0.10968385063911446,0.44883649691078004,-0.11257751898718543
late_mid,QQQ,rl_v4,-0.07323804608284412,-1.834877464711721,0.44888389633507025,0.2367235929890741
late_mid,REGN,twap,-5.095841573857319,-0.6162231268772386,5.928752138536258,2.698684861892143
late_mid,REGN,ac_ra,-5.108644738207984,-0.6290205588199264,5.862835194878224,3.5191844368878553
late_mid,REGN,vwap_following,-4.152076610806339,0.3271192808074522,6.076618986252948,1.5088717851299152
late_mid,REGN,pov_5pct_cap,-4.152076610806339,0.3271192808074522,6.076618986252948,1.5088717851299152
late_mid,REGN,toth,-6.8755594878714605,-2.3951442012284443,5.514469094184347,1.1635777216150656
late_mid,REGN,rl_v4,-4.821666493183967,-0.3421708036235591,5.464074941532985,3.3994480238869595
late_mid,ROST,twap,13.8230283510623,2.4936276101844834,2.659147266283918,0.8699607073267424
late_mid,ROST,ac_ra,5.27507734033692,-6.064021121980125,2.2741671227420555,0.728474995652847
late_mid,ROST,vwap_following,14.081451031909515,2.7523434737101313,2.6502731756795903,0.6974001499769229
late_mid,ROST,pov_5pct_cap,14.081451031909515,2.7523434737101313,2.6502731756795903,0.6974001499769229
late_mid,ROST,toth,14.081451031909515,2.7523434737101313,2.6502731756795903,0.6974001499769229
late_mid,ROST,rl_v4,3.510530999708573,-7.83056935509201,2.299049000273663,0.8254219292883529
late_mid,SBUX,twap,9.679133543193178,1.0327754248700212,1.1215230832884733,0.29326251889013477
late_mid,SBUX,ac_ra,5.904604385634215,-2.74502048770718,1.1308282699873138,0.17000436914258815
late_mid,SBUX,vwap_following,9.402763698448336,0.7561663893441504,1.1353516313471865,0.2045174325568537
late_mid,SBUX,pov_5pct_cap,9.402763698448336,0.7561663893441504,1.1353516313471865,0.2045174325568537
late_mid,SBUX,toth,9.402763698448336,0.7561663893441504,1.1353516313471865,0.2045174325568537
late_mid,SBUX,rl_v4,5.359014031904272,-3.291083035438428,1.099710434087834,0.02931253420075486
late_mid,SGEN,twap,1.1185737976795602,0.7542045699829667,4.299433769196816,2.2040065945358185
late_mid,SGEN,ac_ra,1.3275290215563056,0.9631674083968088,4.318711362809726,2.226482080633215
late_mid,SGEN,vwap_following,2.101529390087238,1.7371959822743692,4.649879988543523,3.0252132207792886
late_mid,SGEN,pov_5pct_cap,2.101529390087238,1.7371959822743692,4.649879988543523,3.0252132207792886
late_mid,SGEN,toth,2.1016215220199332,1.7372881175644443,4.650064260898064,3.0252593249630224
late_mid,SGEN,rl_v4,2.0510410908405725,1.6867058431836432,4.3707276857863535,2.2029746593206565
late_mid,SIRI,twap,20.411969380652998,6.553846529153352,13.936634345168148,6.740585774058458
late_mid,SIRI,ac_ra,19.041057759219434,5.181031195701811,13.934723666950388,6.086425760383474
late_mid,SIRI,vwap_following,20.87682672233652,7.019349393490689,13.937282229964861,6.973500697349921
late_mid,SIRI,pov_5pct_cap,20.87682672233652,7.019349393490689,13.937282229964861,6.973500697349921
late_mid,SIRI,toth,20.87682672233652,7.019349393490689,13.937282229964861,6.973500697349921
late_mid,SIRI,rl_v4,20.87682672234641,7.019349393500592,13.937282229964868,6.973500697349925
late_mid,SNPS,twap,9.985010565237443,3.24124342507152,3.480812798953405,1.5251295144682417
late_mid,SNPS,ac_ra,2.583597464342988,-4.165166005309268,3.814006598502738,1.697554727038477
late_mid,SNPS,vwap_following,10.981907025885496,4.2388128414259025,2.812205952648535,2.7385297897253738
late_mid,SNPS,pov_5pct_cap,10.984614368724465,4.241522011858692,2.812008620683366,2.7399182117891967
late_mid,SNPS,toth,16.607765451664104,9.868469007170578,2.448515763188307,2.844354321559768
late_mid,SNPS,rl_v4,0.9173930269354643,-5.83249521527676,3.8354303837286112,1.9082080284681302
late_mid,SPLK,twap,-4.628018403936146,-2.137458493679308,5.5796581773273815,2.8926185173940255
late_mid,SPLK,ac_ra,0.8887831191530525,3.3779696725313557,5.4353892277827915,2.7813988689577203
late_mid,SPLK,vwap_following,-3.2290020625101667,-0.7387904244736802,5.082272232796336,2.32592833250261
late_mid,SPLK,pov_5pct_cap,-3.227288592732785,-0.7370773812488023,5.0829709766740745,2.3258341066951242
late_mid,SPLK,toth,-3.2295097572592213,-0.7392979928368072,5.082462344319095,2.326277536857058
late_mid,SPLK,rl_v4,3.11286688877717,5.601499777005356,5.4546108854646524,2.903859503767877
late_mid,SWKS,twap,1.4050525806890208,-0.3479802821839372,3.2105139078276825,1.526142046044587
late_mid,SWKS,ac_ra,3.0090656351998115,1.2563140006006082,3.474030231329828,1.6405003907110862
late_mid,SWKS,vwap_following,1.2849026955145564,-0.46815123298795147,3.445160847949615,1.631111814614257
late_mid,SWKS,pov_5pct_cap,1.2863531971484343,-0.466700477040638,3.444919552039506,1.6320398320852028
late_mid,SWKS,toth,1.2869172811149379,-0.4661362941744654,3.445000168071989,1.6313550853770422
late_mid,SWKS,rl_v4,3.933196341509571,2.1806067328256358,3.59419561180556,1.5648984490200066
late_mid,TCOM,twap,-15.171941609614969,-1.3048420336613273,2.5366358223047656,1.7429035020823573
late_mid,TCOM,ac_ra,-4.491926107734837,9.360385820108442,2.5767439541774597,1.7167330064644952
late_mid,TCOM,vwap_following,-16.090427593332144,-2.222056273201809,2.579166374004271,2.8143598841089825
late_mid,TCOM,pov_5pct_cap,-16.090427593332144,-2.222056273201809,2.579166374004271,2.8143598841089825
late_mid,TCOM,toth,-16.089394135123385,-2.2210242459288305,2.5791666399129514,2.814360283074862
late_mid,TCOM,rl_v4,-1.784782327861669,12.063781263699337,2.5823368301038037,1.6236657092631928
late_mid,TMUS,twap,-4.472878149982254,0.40917531222139547,1.300957868510032,0.7325298373149334
late_mid,TMUS,ac_ra,-1.9998779669315394,2.880968703144955,1.2796803445325866,0.8328260299512453
late_mid,TMUS,vwap_following,-4.64836170602164,0.23377738988932825,1.318708046206239,0.3090764953220899
late_mid,TMUS,pov_5pct_cap,-4.646897309168588,0.2352410721356426,1.3187082247406021,0.30864975533186817
late_mid,TMUS,toth,-4.648239672950986,0.2338993634094211,1.3187080610892274,0.3087714759221298
late_mid,TMUS,rl_v4,-1.1838428214019674,3.6966056340703153,1.3704472958931027,0.8872933598371253
late_mid,TSLA,twap,22.675719131745012,4.795177820687063,3.730649705859421,1.8274811852993738
late_mid,TSLA,ac_ra,15.87162493381894,-2.0211101161579332,3.409092757015062,1.0009904789261124
late_mid,TSLA,vwap_following,19.438851742191765,1.5525095831862055,3.1440984347005494,-1.737312571603754
late_mid,TSLA,pov_5pct_cap,19.438851742191765,1.5525095831862055,3.1440984347005494,-1.737312571603754
late_mid,TSLA,toth,19.438851742191765,1.5525095831862055,3.1440984347005494,-1.737312571603754
late_mid,TSLA,rl_v4,11.933743798901387,-5.966048398295402,3.287055275163486,0.6646916835232296
late_mid,TTWO,twap,-17.87466213607236,1.0723820356791376,3.2765997697532274,1.8724819702596194
late_mid,TTWO,ac_ra,-11.450922851185789,7.483971949957328,3.583399336553064,2.4474259006450922
late_mid,TTWO,vwap_following,-17.643370144412884,1.303236579303939,3.1423842108617497,0.47784324315336546
late_mid,TTWO,pov_5pct_cap,-17.644065178778913,1.3025428594729072,3.1425380739686166,0.47807435877649396
late_mid,TTWO,toth,-18.031122094368158,0.9162179938168037,3.113069405394378,0.5015381888968801
late_mid,TTWO,rl_v4,-7.6570391536030735,11.27068018523642,4.029672427814141,2.83945751144034
late_mid,TXN,twap,3.525797498194451,-1.379063180743389,1.1537037866281725,0.3109850936640054
late_mid,TXN,ac_ra,-1.7191741758926538,-6.626608347724612,1.1623389948402163,0.6860761157843034
late_mid,TXN,vwap_following,3.8961256226012058,-1.0085533514856124,1.0836596479622826,0.7629893236097013
late_mid,TXN,pov_5pct_cap,3.8961256226012058,-1.0085533514856124,1.0836596479622826,0.7629893236097013
late_mid,TXN,toth,3.8961256226012058,-1.0085533514856124,1.0836596479622826,0.7629893236097013
late_mid,TXN,rl_v4,-2.056879966541592,-6.964479836780813,1.1789767851933373,0.8288119576060407
late_mid,UAL,twap,-3.9081945295556832,1.4321975467963968,1.87521602809904,1.1237417640382505
late_mid,UAL,ac_ra,-1.5581304662667064,3.781007074032217,1.7636547961923361,0.908179111156257
late_mid,UAL,vwap_following,-4.2873377527719265,1.053256721825488,1.9295292595164946,2.062421798496375
late_mid,UAL,pov_5pct_cap,-4.286557851932717,1.0540362063297835,1.9295293462940135,2.0609745337062986
late_mid,UAL,toth,-4.286112194308728,1.054481626048106,1.9298636764425359,2.062924109569021
late_mid,UAL,rl_v4,-1.2595398585029265,4.079438284999788,1.7737213924926505,1.0009329119777135
late_mid,ULTA,twap,17.848022092574485,-2.1898029769197627,4.041414714044455,1.2439508039167007
late_mid,ULTA,ac_ra,4.665666892228504,-15.398619979098962,3.889182327768135,1.7183786917439927
late_mid,ULTA,vwap_following,20.681577936683205,0.6494408487438909,4.128774965950041,1.8909678776946355
late_mid,ULTA,pov_5pct_cap,20.677920225316203,0.6457757950141745,4.129029553640224,1.8907817929635755
late_mid,ULTA,toth,20.681577936683205,0.6494408487438909,4.128774965950041,1.8909678776946355
late_mid,ULTA,rl_v4,2.234934801301262,-17.834231437174353,3.808157247546028,1.8781599079754894
late_mid,VRSK,twap,6.73958300966202,0.8061152373000496,3.461108369311391,1.5235468806634627
late_mid,VRSK,ac_ra,0.811795047073814,-5.125192331239545,3.3228568612474825,1.5869393584286668
late_mid,VRSK,vwap_following,7.162601373394992,1.229384766891169,3.3341016154930267,0.7189183500638927
late_mid,VRSK,pov_5pct_cap,7.162663518007109,1.22944694840146,3.334039405112588,0.7192293669004169
late_mid,VRSK,toth,11.062734984307573,5.131834070192683,3.52727178483351,1.575439436303966
late_mid,VRSK,rl_v4,-0.5306528291377447,-6.468437281766913,3.3180859574067787,1.7981784772602332
late_mid,VRSN,twap,-4.839498080343466,1.1292052370260004,2.956281143687707,1.5138970320845664
late_mid,VRSN,ac_ra,-5.810188219867423,0.15909419339428876,3.2292769216981063,2.157511343814866
late_mid,VRSN,vwap_following,-4.687330274371392,1.2812822624824578,2.9346940087422926,1.4155261099283551
late_mid,VRSN,pov_5pct_cap,-4.689530854951196,1.2790829947285733,2.9349273871133765,1.4157128095988427
late_mid,VRSN,toth,-0.5129225582917692,5.453199603660234,1.6632107839227845,2.0049449419862664
late_mid,VRSN,rl_v4,-4.855136248719715,1.113576398093516,3.4629710663424413,2.4457782637780614
late_mid,VRTX,twap,-24.993723625305265,0.1554907948342443,4.336907126580558,2.885091582328267
late_mid,VRTX,ac_ra,-16.563931195510325,8.564135814149058,4.37829943287565,3.492960807947952
late_mid,VRTX,vwap_following,-26.502109975793715,-1.3491115401423124,3.4528962960779634,1.8521392551189138
late_mid,VRTX,pov_5pct_cap,-26.501681554313745,-1.3486841934224814,3.4531952705856774,1.852289151441441
late_mid,VRTX,toth,-26.50215281794293,-1.34915427481551,3.452853603910424,1.851498859838447
late_mid,VRTX,rl_v4,-12.884176252591242,12.23465953472284,4.352468977106162,3.748956999293927
late_mid,WBA,twap,15.183108912708185,0.22966997456058666,1.8652524243824016,0.5654892090392146
late_mid,WBA,ac_ra,6.931757808926362,-8.034038499039182,1.8562173803717963,0.48846642003111945
late_mid,WBA,vwap_following,15.397636713382004,0.44451905587509444,1.8346637313026097,0.5856971234524904
late_mid,WBA,pov_5pct_cap,15.397636713382004,0.44451905587509444,1.8346637313026097,0.5856971234524904
late_mid,WBA,toth,15.397636713382004,0.44451905587509444,1.8346637313026097,0.5856971234524904
late_mid,WBA,rl_v4,4.838875148863072,-10.130055497308502,1.840060648140265,0.49729299673303984
late_mid,WDAY,twap,-9.641456273135713,1.7429719920955244,4.212310201271778,2.149873091730317
late_mid,WDAY,ac_ra,-8.818905032873717,2.56458770678149,4.503113582146923,3.0752532086383297
late_mid,WDAY,vwap_following,-9.129329871278635,2.2545159289052648,4.328878646870929,1.7579972690153105
late_mid,WDAY,pov_5pct_cap,-9.129329871278635,2.2545159289052648,4.328878646870929,1.7579972690153105
late_mid,WDAY,toth,-9.127893486548995,2.255950679968105,4.328824145984677,1.7578321447953964
late_mid,WDAY,rl_v4,-7.794873211418894,3.5874548494749816,4.796462243570301,3.2450281695907837
late_mid,WDC,twap,-3.3839029768453943,1.2722138400810135,2.4489573274955987,1.2855412751576465
late_mid,WDC,ac_ra,-4.502021315692843,0.1546159340842193,2.4870905891529964,1.1032956875915674
late_mid,WDC,vwap_following,-4.051157662621811,0.6052697307848905,3.053747324554268,0.14223127770110888
late_mid,WDC,pov_5pct_cap,-4.051157662621811,0.6052697307848905,3.053747324554268,0.14223127770110888
late_mid,WDC,toth,-4.051157662621811,0.6052697307848905,3.053747324554268,0.14223127770110888
late_mid,WDC,rl_v4,-2.748842337371496,1.9069788879279284,2.634812640674692,1.3338999221563994
late_mid,WLTW,twap,4.88966665034649,1.573600473378882,3.6797347054350618,2.274448369523531
late_mid,WLTW,ac_ra,4.95501492975935,1.6389704333147037,3.5087588392434146,1.7647183844023548
late_mid,WLTW,vwap_following,3.53815654217063,0.2216419762600211,3.2183261744830496,2.281447554160734
late_mid,WLTW,pov_5pct_cap,3.534827940671425,0.21831227043455212,3.2178845879519953,2.282180434304004
late_mid,WLTW,toth,-4.245141710311173,-7.564238532066841,2.6890272317036334,4.904794411368363
late_mid,WLTW,rl_v4,4.783102452400096,1.467000920751979,3.5665945278289195,1.6015580811063392
late_mid,XEL,twap,-4.507608778775604,1.0663289997529184,1.5285971072726345,0.891941396874211
late_mid,XEL,ac_ra,-1.8429303357042315,3.7295228368424405,1.5290043934602882,0.9580039890874653
late_mid,XEL,vwap_following,-4.169304886441196,1.4044444085637138,1.5286488314202225,0.7629473286664706
late_mid,XEL,pov_5pct_cap,-4.169610766996242,1.4041386984277688,1.5286487846673704,0.7631001871088217
late_mid,XEL,toth,-4.169304886441196,1.4044444085637138,1.5286488314202225,0.7629473286664706
late_mid,XEL,rl_v4,-0.7838189187176157,4.78804417769841,1.5339037786011025,0.9338336691779826
late_mid,XLNX,twap,10.010682204419249,-0.8907158536191563,1.538852508001528,0.574941641009322
late_mid,XLNX,ac_ra,2.8501092498189373,-8.059102656024356,1.3416900900490718,0.5225517883212596
late_mid,XLNX,vwap_following,11.76567127943643,0.866188321993798,1.5475012142625364,-0.1970680519158018
late_mid,XLNX,pov_5pct_cap,11.76567127943643,0.866188321993798,1.5475012142625364,-0.1970680519158018
late_mid,XLNX,toth,11.765088613742344,0.8656050204761426,1.5476956721433552,-0.1963381674808375
late_mid,XLNX,rl_v4,2.021073075984428,-8.889043500829771,1.279257849162988,0.4906785299740832
close,AAL,twap,20.12625285739389,-5.292190643639613,3.523272241414982,1.4099773176286488
close,AAL,ac_ra,11.469315983823224,-13.97117647959078,3.520214494438172,1.0641279292220887
close,AAL,vwap_following,26.5085282222624,1.1063401879692834,3.525526451105533,3.5709929903813613
close,AAL,pov_5pct_cap,26.5085282222624,1.1063401879692834,3.525526451105533,3.5709929903813613
close,AAL,toth,26.5085282222624,1.1063401879692834,3.525526451105533,3.5709929903813613
close,AAL,rl_v4,8.90276068225996,-16.544268721658298,3.5193092112664077,0.9792113289394742
close,AAPL,twap,-10.88439279012149,10.173362409632459,0.5041805182478407,1.0604047733220623
close,AAPL,ac_ra,0.6698311071874661,21.70328215869574,0.5394132040108202,0.13764977196774686
close,AAPL,vwap_following,-20.402251904183686,0.6755239789969972,0.37983365135158803,-0.19201135513639392
close,AAPL,pov_5pct_cap,-20.402251904183686,0.6755239789969972,0.37983365135158803,-0.19201135513639392
close,AAPL,toth,-20.402251904183686,0.6755239789969972,0.37983365135158803,-0.19201135513639392
close,AAPL,rl_v4,0.8793465062362417,21.912356845035166,0.5422977277156593,0.13709420748374304
close,ADBE,twap,-3.298726288432584,21.401890812540568,2.092382323336844,1.8291506514336997
close,ADBE,ac_ra,3.7251540085278902,28.408427412933992,2.7450908966164023,1.166776320370267
close,ADBE,vwap_following,-15.73242005198259,8.998898912166664,1.4934976595915979,0.6195670912866563
close,ADBE,pov_5pct_cap,-15.73242005198259,8.998898912166664,1.4934976595915979,0.6195670912866563
close,ADBE,toth,-15.73242005198259,8.998898912166664,1.4934976595915979,0.6195670912866563
close,ADBE,rl_v4,3.8722554890209615,28.555165663512206,2.791085923037592,1.1041747246218128
close,ADI,twap,13.618130833296103,5.333232639097603,1.536477751743607,0.5023827673428829
close,ADI,ac_ra,11.184363621146174,2.8974463259514183,1.6735374383295278,0.09826689662061901
close,ADI,vwap_following,10.109822960700113,1.8220142055057347,1.514845107208349,-1.2489543430917076
close,ADI,pov_5pct_cap,10.109822960700113,1.8220142055057347,1.514845107208349,-1.2489543430917076
close,ADI,toth,10.109822960700113,1.8220142055057347,1.514845107208349,-1.2489543430917076
close,ADI,rl_v4,9.331268572395599,1.0428139132161485,1.6709343774197958,-0.08164182934705616
close,ADP,twap,-11.258618243719749,9.369193214692851,0.9727472945043381,1.0759243593086465
close,ADP,ac_ra,-4.3783799120408755,16.23525508120318,0.9325327518497357,0.9079779220093653
close,ADP,vwap_following,-23.634047382606283,-2.9807368307501583,1.0009680434187498,-0.10380240522094036
close,ADP,pov_5pct_cap,-23.634047382606283,-2.9807368307501583,1.0009680434187498,-0.10380240522094036
close,ADP,toth,-23.634047382606283,-2.9807368307501583,1.0009680434187498,-0.10380240522094036
close,ADP,rl_v4,-3.1046673286972086,17.506343228996503,1.0062028226619126,0.9427559218281115
close,ADSK,twap,13.00739481074729,-10.316721784841272,1.9269047002359918,0.16149529575733185
close,ADSK,ac_ra,7.6270129602437144,-15.7096692452908,2.1963284341712175,0.3402959101204261
close,ADSK,vwap_following,21.2931385431969,-2.011627116575768,1.867600663132757,1.9664170367229503
close,ADSK,pov_5pct_cap,21.2931385431969,-2.011627116575768,1.867600663132757,1.9664170367229503
close,ADSK,toth,21.2931385431969,-2.011627116575768,1.867600663132757,1.9664170367229503
close,ADSK,rl_v4,5.458504032362647,-17.88324261620011,2.3279704435623723,0.5228509964369169
close,ALGN,twap,-1.6386976810683687,14.872544436121844,6.701088753904964,3.633697376206314
close,ALGN,ac_ra,15.024405070531206,31.508138843111944,8.474338153491944,3.344619700670989
close,ALGN,vwap_following,-9.219717151490322,7.304040119641644,5.470893048693719,2.845562418804805
close,ALGN,pov_5pct_cap,-9.219717151490322,7.304040119641644,5.470893048693719,2.845562418804805
close,ALGN,toth,-9.219717151490322,7.304040119641644,5.470893048693719,2.845562418804805
close,ALGN,rl_v4,19.650998551783342,36.12709449545866,7.938087797877134,4.559659637979396
close,ALXN,twap,-26.205742688499086,11.612073193402814,3.7203823903596445,3.6031442820589725
close,ALXN,ac_ra,-12.1050015532749,25.659627784710413,4.362887930562973,2.9172030673431153
close,ALXN,vwap_following,-36.99392002840287,0.8645877478020464,2.9223881219397154,0.5215691486623943
close,ALXN,pov_5pct_cap,-36.99392002840287,0.8645877478020464,2.9223881219397154,0.5215691486623943
close,ALXN,toth,-36.99392002840287,0.8645877478020464,2.9223881219397154,0.5215691486623943
close,ALXN,rl_v4,-7.900323969294917,29.848445757707477,4.557609355656852,3.1716677574785272
close,AMAT,twap,8.171505846792089,3.152024967407822,1.6185450761013345,0.6770583046147072
close,AMAT,ac_ra,11.260838437668228,6.242909511050067,1.5958134204034637,0.13796644977199962
close,AMAT,vwap_following,4.949964203325881,-0.07113504517780929,1.59162568591568,-0.5555756367775937
close,AMAT,pov_5pct_cap,4.949964203325881,-0.07113504517780929,1.59162568591568,-0.5555756367775937
close,AMAT,toth,4.949964203325881,-0.07113504517780929,1.59162568591568,-0.5555756367775937
close,AMAT,rl_v4,10.863893087261431,5.845764751736511,1.5933643658182393,-0.21706912726602645
close,AMD,twap,23.061854656308316,7.34916199791755,1.9711191461927176,1.309807275957214
close,AMD,ac_ra,22.000983380861435,6.286619954940754,1.970910352327336,-0.4926465043295162
close,AMD,vwap_following,16.318418723571753,0.5951058192970219,1.9697902841857577,0.986312773644848
close,AMD,pov_5pct_cap,16.318418723571753,0.5951058192970219,1.9697902841857577,0.986312773644848
close,AMD,toth,16.318418723571753,0.5951058192970219,1.9697902841857577,0.986312773644848
close,AMD,rl_v4,18.136493263841686,2.4160436474880727,1.9701478045084704,-0.803078174878573
close,AMGN,twap,0.05024082378167019,12.36031817483024,1.958151862125851,1.512987800042978
close,AMGN,ac_ra,2.5666002325147224,14.87357991010387,1.9269531535480697,0.8637500940461402
close,AMGN,vwap_following,-10.392916459061237,1.9300165639693847,2.2036424499290757,-1.87738549398247
close,AMGN,pov_5pct_cap,-10.392916459061237,1.9300165639693847,2.2036424499290757,-1.87738549398247
close,AMGN,toth,-10.392916459061237,1.9300165639693847,2.2036424499290757,-1.87738549398247
close,AMGN,rl_v4,2.5318053479445735,14.838827858520967,1.8646959810071877,0.7579329027726025
close,AMZN,twap,11.186055940563094,7.527668629339725,1.8445889642095514,1.0794733904156777
close,AMZN,ac_ra,9.906828378953888,6.247972552658983,2.005314082089683,0.16437640187902577
close,AMZN,vwap_following,5.830100072227395,2.1697511506368756,1.6019018006096175,-1.2127740194054473
close,AMZN,pov_5pct_cap,5.830100072227395,2.1697511506368756,1.6019018006096175,-1.2127740194054473
close,AMZN,toth,5.830100072227395,2.1697511506368756,1.6019018006096175,-1.2127740194054473
close,AMZN,rl_v4,8.293665135293377,4.634218490511452,1.9772760550797321,0.1231136488093259
close,ANSS,twap,2.810045408208253,14.175959361762498,3.993033497314151,2.246264314288299
close,ANSS,ac_ra,9.526494300802106,20.88477225058595,4.749538719905421,1.7851611486280348
close,ANSS,vwap_following,-7.031155592623567,4.345946929346716,4.126113254610582,2.017989342604793
close,ANSS,pov_5pct_cap,-7.034046890928838,4.343058918189924,4.126334443950744,2.017155600025471
close,ANSS,toth,-7.031155592623567,4.345946929346716,4.126113254610582,2.017989342604793
close,ANSS,rl_v4,10.316634232231136,21.674013863336164,5.239012706598964,1.7269331205263372
close,ASML,twap,10.315014654943571,2.774853560533531,4.568377364091182,1.735747189999783
close,ASML,ac_ra,7.916067146282142,0.3740953390519392,4.8254698772924245,1.9625671097395234
close,ASML,vwap_following,10.536304289902082,2.996310223731526,3.4569987872506154,1.6778068962891879
close,ASML,pov_5pct_cap,10.537503330670228,2.997510169529266,3.4569325014440673,1.678090426923734
close,ASML,toth,10.536304289902082,2.996310223731526,3.4569987872506154,1.6778068962891879
close,ASML,rl_v4,6.632427391417079,-0.9105133002727502,4.78089751836738,1.881140872664171
close,ATVI,twap,-3.230592671531923,11.228419315978622,1.6388178616229114,1.2290887464957319
close,ATVI,ac_ra,4.548733502751281,18.996500985862305,1.6400916945048432,0.5698508295185954
close,ATVI,vwap_following,-11.476678416262844,2.994252745911177,1.637470278078333,1.4452468331675326
close,ATVI,pov_5pct_cap,-11.476678416262844,2.994252745911177,1.637470278078333,1.4452468331675326
close,ATVI,toth,-11.476678416262844,2.994252745911177,1.637470278078333,1.4452468331675326
close,ATVI,rl_v4,5.399950815644775,19.846487920107915,1.7329177139699388,0.35298762932788386
close,AVGO,twap,-18.1032519131344,23.646716276533954,2.6327062014340568,2.346757681384746
close,AVGO,ac_ra,-1.9416515737474607,39.74096391620354,2.5595583742894363,1.813770589192884
close,AVGO,vwap_following,-37.110675999802496,4.718504724517505,2.2455342636623206,0.832449089510211
close,AVGO,pov_5pct_cap,-37.110675999802496,4.718504724517505,2.2455342636623206,0.832449089510211
close,AVGO,toth,-37.110675999802496,4.718504724517505,2.2455342636623206,0.832449089510211
close,AVGO,rl_v4,-0.23176203762728453,41.44372756911551,2.572323868618226,1.5995276714288633
close,BIDU,twap,3.212692721403968,9.537717828500268,1.7808588624409514,1.1160651523176102
close,BIDU,ac_ra,8.225457153096608,14.547310655165028,1.7115081388674278,0.3783657622952546
close,BIDU,vwap_following,-6.169881678020763,0.1610798381259073,1.366875018004948,0.7589867334634754
close,BIDU,pov_5pct_cap,-6.169881678020763,0.1610798381259073,1.366875018004948,0.7589867334634754
close,BIDU,toth,-6.169881678020763,0.1610798381259073,1.366875018004948,0.7589867334634754
close,BIDU,rl_v4,7.969953388311474,14.29196854908859,1.7162576376646594,0.11773613680582787
close,BIIB,twap,-5.52283125033042,6.7500224528224,3.3059592720134305,1.8170957856599286
close,BIIB,ac_ra,0.9155638135678273,13.180520130243698,3.595892936270249,1.7143149846024914
close,BIIB,vwap_following,-11.665024803241442,0.6153629632644579,3.0399237308383644,0.25912343172564123
close,BIIB,pov_5pct_cap,-11.665024803241442,0.6153629632644579,3.0399237308383644,0.25912343172564123
close,BIIB,toth,-11.665024803241442,0.6153629632644579,3.0399237308383644,0.25912343172564123
close,BIIB,rl_v4,2.266507738964156,14.529806977100785,3.7192200295147724,1.7035221305820059
close,BKNG,twap,9.610369764747462,-0.1355888819512498,7.269991004032987,3.430692659434941
close,BKNG,ac_ra,5.514843149276552,-4.235110820378337,7.805643609890718,3.7807928367578323
close,BKNG,vwap_following,12.305588810696737,2.562259440166204,6.4011635815406285,3.1805049541579278
close,BKNG,pov_5pct_cap,12.305588810696737,2.562259440166204,6.4011635815406285,3.1805049541579278
close,BKNG,toth,12.176000817589706,2.4325450296451723,6.502279237346151,3.101637129402887
close,BKNG,rl_v4,4.774131067443642,-4.9765454915782135,8.070880797847082,3.6872688945543777
close,BMRN,twap,2.9799160331315626,6.917998076024563,3.577684512282316,0.8421841574280464
close,BMRN,ac_ra,12.780778395552767,16.714999627949226,4.164868680844503,1.0461583789601216
close,BMRN,vwap_following,-1.405310337003174,2.5344991587785084,2.6035765085462246,4.748885043752923
close,BMRN,pov_5pct_cap,-1.405310337003174,2.5344991587785084,2.6035765085462246,4.748885043752923
close,BMRN,toth,-1.405310337003174,2.5344991587785084,2.6035765085462246,4.748885043752923
close,BMRN,rl_v4,13.694996028587706,17.628857127262947,4.426612362675801,0.7442502378051463
close,CDNS,twap,-16.563973293363507,17.057590622083183,1.8594535899571596,1.7448465265805742
close,CDNS,ac_ra,-2.3698051505675393,31.204114669287886,1.9452875693337792,1.1994661059730467
close,CDNS,vwap_following,-30.49502657037795,3.173298270213479,1.7787904177654255,0.22238392329949808
close,CDNS,pov_5pct_cap,-30.49502657037795,3.173298270213479,1.7787904177654255,0.22238392329949808
close,CDNS,toth,-30.49502657037795,3.173298270213479,1.7787904177654255,0.22238392329949808
close,CDNS,rl_v4,0.32347731298585736,33.88835687025901,2.1323176039501233,1.1146353669150846
close,CDW,twap,4.12922806889541,7.411255397853667,2.012524715627232,1.2129897600374073
close,CDW,ac_ra,0.7649833619792465,4.048115301363282,2.282141018517923,1.295301273743405
close,CDW,vwap_following,-0.843236918127897,2.4404230615870635,1.5746380363944852,0.9012661860274579
close,CDW,pov_5pct_cap,-0.843236918127897,2.4404230615870635,1.5746380363944852,0.9012661860274579
close,CDW,toth,-0.843236918127897,2.4404230615870635,1.5746380363944852,0.9012661860274579
close,CDW,rl_v4,-0.6398508062996103,2.643742393962856,2.4786060273258586,1.540327037941383
close,CERN,twap,-0.39746383990190753,11.316596212003217,2.22514995560965,1.310116908963708
close,CERN,ac_ra,5.689452480022367,17.396382564987643,2.7168084566179163,0.8084704228883968
close,CERN,vwap_following,-10.910243709133509,0.8161305867950087,1.5405128188602863,0.2354099580251534
close,CERN,pov_5pct_cap,-10.910243709133509,0.8161305867950087,1.5405128188602863,0.2354099580251534
close,CERN,toth,-10.910243709133509,0.8161305867950087,1.5405128188602863,0.2354099580251534
close,CERN,rl_v4,6.141734363654631,17.84813466396241,2.6755926204322464,0.6320792587908375
close,CHKP,twap,-0.07252747252800623,-0.38771548793853217,2.110420381001138,1.093131129624792
close,CHKP,ac_ra,3.2542417582410232,2.939158597849168,2.357970490080218,1.0287107416704717
close,CHKP,vwap_following,-0.6976703296716521,-1.0128780486929219,2.038043779224947,0.1377390186308225
close,CHKP,pov_5pct_cap,-0.6976703296716521,-1.0128780486929219,2.038043779224947,0.1377390186308225
close,CHKP,toth,-0.6976703296716521,-1.0128780486929219,2.038043779224947,0.1377390186308225
close,CHKP,rl_v4,4.025230769242386,3.7101719093239134,2.449827627173422,0.9282463711171859
close,CHTR,twap,21.107440803900282,-5.348857440976536,4.443097304603271,1.7442697279002704
close,CHTR,ac_ra,11.43013024630355,-15.051824734809408,4.316172734656272,1.4235522805248555
close,CHTR,vwap_following,29.410647858822617,2.9763632914085902,4.832152436361957,3.1038141613020027
close,CHTR,pov_5pct_cap,29.41112400678552,2.9768407017472995,4.832411080025189,3.1036750323132747
close,CHTR,toth,29.410647858822617,2.9763632914085902,4.832152436361957,3.1038141613020027
close,CHTR,rl_v4,8.159846839073047,-18.330778402056612,4.281526311365211,1.4770923086515984
close,CMCSA,twap,-6.286348736387062,18.347126528155663,2.113287660274151,1.8106214214406349
close,CMCSA,ac_ra,0.7960241091233297,25.41206398852677,2.1147815826775758,1.127636343492284
close,CMCSA,vwap_following,-17.81875859152024,6.84310715906358,2.1108611114985756,-2.2186931592655235
close,CMCSA,pov_5pct_cap,-17.81875859152024,6.84310715906358,2.1108611114985756,-2.2186931592655235
close,CMCSA,toth,-17.81875859152024,6.84310715906358,2.1108611114985756,-2.2186931592655235
close,CMCSA,rl_v4,1.4958231997473694,26.1101403137823,2.1149291557598007,1.0112325917937053
close,COST,twap,12.729614438061152,2.0157719393822346,1.7903557682696807,0.6323091892734403
close,COST,ac_ra,8.648630024611098,-2.0695903493587955,1.6364849950998226,0.261708941739466
close,COST,vwap_following,10.74933552092054,0.03336867839164025,1.797703118846065,-1.485087670499895
close,COST,pov_5pct_cap,10.74933552092054,0.03336867839164025,1.797703118846065,-1.485087670499895
close,COST,toth,10.74933552092054,0.03336867839164025,1.797703118846065,-1.485087670499895
close,COST,rl_v4,7.278621821164554,-3.4410682288576506,1.6425104984006227,0.11968011127718343
close,CPRT,twap,11.08444902162576,5.733632968368596,2.3715043056515768,1.0642458338521634
close,CPRT,ac_ra,7.909268795054568,2.556751875948493,2.7851738781792346,0.9189325927674328
close,CPRT,vwap_following,8.071575695159021,2.71914571986203,1.873346415172913,0.36576434003108865
close,CPRT,pov_5pct_cap,8.071575695159021,2.71914571986203,1.873346415172913,0.36576434003108865
close,CPRT,toth,8.071575695159021,2.71914571986203,1.873346415172913,0.36576434003108865
close,CPRT,rl_v4,6.341503604537502,0.9881468722298484,3.096776725168943,1.0104357215178998
close,CSCO,twap,3.430233745023151,8.399469737053815,2.0419362810480104,1.2596047028569344
close,CSCO,ac_ra,9.946310094923694,14.912306983753776,2.043266478011842,0.38108914665200994
close,CSCO,vwap_following,-7.072981524956549,-2.098524446436015,2.0397936183896297,-0.5613582009292613
close,CSCO,pov_5pct_cap,-7.072981524956549,-2.098524446436015,2.0397936183896297,-0.5613582009292613
close,CSCO,toth,-7.072981524956549,-2.098524446436015,2.0397936183896297,-0.5613582009292613
close,CSCO,rl_v4,9.93528631213477,14.901288680822388,2.0428561222982973,0.07559253695270034
close,CSX,twap,7.593125081686087,-3.5260617916592705,1.7008033230445554,0.6762895160758746
close,CSX,ac_ra,1.5688145340431918,-9.557075972931262,1.9888904794250983,1.1406113997982614
close,CSX,vwap_following,9.728401516140035,-1.3884092992647141,1.7311356090645622,-2.5678904818639694
close,CSX,pov_5pct_cap,9.728401516140035,-1.3884092992647141,1.7311356090645622,-2.5678904818639694
close,CSX,toth,9.728401516140035,-1.3884092992647141,1.7311356090645622,-2.5678904818639694
close,CSX,rl_v4,-0.45967847340060153,-11.587826213602582,2.1494410397653048,1.397644033231042
close,CTAS,twap,16.93970864744183,-0.17797715480656529,3.891630452336711,1.5649922805000265
close,CTAS,ac_ra,12.723917971430327,-4.400996534050736,4.1532083697626705,1.3883545049263322
close,CTAS,vwap_following,16.986557014074695,-0.1310484585355955,2.6238975594924625,-0.8164300605353588
close,CTAS,pov_5pct_cap,16.9842374400327,-0.13337200988900444,2.623826363930613,-0.8166589309676487
close,CTAS,toth,16.89394977770666,-0.22381448604872226,2.5968517548597267,-0.8846593525937314
close,CTAS,rl_v4,10.935983270955258,-6.191996958216181,3.979216716554504,1.0826390461905968
close,CTSH,twap,-0.741732408952703,1.7034817793307386,1.5672531542830148,0.837462644736658
close,CTSH,ac_ra,1.5078492310112999,3.9525133891978825,1.6328052824079373,0.8799731726341968
close,CTSH,vwap_following,-1.730496453899405,0.7149594904393631,1.593350475171988,-0.008511252519503465
close,CTSH,pov_5pct_cap,-1.730496453899405,0.7149594904393631,1.593350475171988,-0.008511252519503465
close,CTSH,toth,-1.730496453899405,0.7149594904393631,1.593350475171988,-0.008511252519503465
close,CTSH,rl_v4,1.7837277870691963,4.2283244920430505,1.6790282042533617,0.8145643592514307
close,CTXS,twap,-21.375198251106042,4.62009266970189,1.9112737606923889,1.5909301435097005
close,CTXS,ac_ra,-8.647091602721467,17.31518280801172,2.4345520661565603,1.7650680587429963
close,CTXS,vwap_following,-30.18817780445205,-4.170026152174017,1.4314820645541906,0.20116199530440454
close,CTXS,pov_5pct_cap,-30.18817780445205,-4.170026152174017,1.4314820645541906,0.20116199530440454
close,CTXS,toth,-30.18817780445205,-4.170026152174017,1.4314820645541906,0.20116199530440454
close,CTXS,rl_v4,-5.671653307054046,20.28290286315999,2.430111616499454,1.8108810821740278
close,DLTR,twap,2.208428867784034,-1.9158322880584115,2.020811824500654,0.9568555764876835
close,DLTR,ac_ra,1.5795392510126276,-2.5449813326243778,2.2459810533787152,1.2496964916754008
close,DLTR,vwap_following,5.04345452560349,0.9203628666557513,1.8457444313086382,0.5821626746671481
close,DLTR,pov_5pct_cap,5.04345452560349,0.9203628666557513,1.8457444313086382,0.5821626746671481
close,DLTR,toth,5.04345452560349,0.9203628666557513,1.8457444313086382,0.5821626746671481
close,DLTR,rl_v4,1.432034064849213,-2.6925473672166924,2.208094564072193,1.1839036657292723
close,EA,twap,-1.8921420307943082,22.366637734897633,1.42416403625633,1.237709300696963
close,EA,ac_ra,8.26688617958138,32.50102604469358,1.6228816462822913,0.2902347228283935
close,EA,vwap_following,-16.75785351962324,7.53698182594767,1.0211773414677243,0.8260296814518312
close,EA,pov_5pct_cap,-16.75785351962324,7.53698182594767,1.0211773414677243,0.8260296814518312
close,EA,toth,-16.75785351962324,7.53698182594767,1.0211773414677243,0.8260296814518312
close,EA,rl_v4,8.53074664056006,32.76424653348291,1.8417481889636944,0.06865695741236892
close,EBAY,twap,16.663317985204632,5.950288094121615,2.7948369397702955,1.327235659717466
close,EBAY,ac_ra,17.739360959951693,7.027485761024183,2.795139052090974,0.21111313719004152
close,EBAY,vwap_following,12.118599134924295,1.4006923464230674,2.793566042927663,-1.0172033954505302
close,EBAY,pov_5pct_cap,12.118599134924295,1.4006923464230674,2.793566042927663,-1.0172033954505302
close,EBAY,toth,12.118599134924295,1.4006923464230674,2.793566042927663,-1.0172033954505302
close,EBAY,rl_v4,15.865215571367855,5.151329243675723,2.794614865230041,-0.1631117292529004
close,EXC,twap,-4.216798732169767,5.772025249674183,2.1119351615299666,1.1092972822308553
close,EXC,ac_ra,-2.870364500789727,7.11711511849082,2.112218910110607,1.1801583048442819
close,EXC,vwap_following,-10.697939778130632,-0.7026446273374254,2.1105692218562453,-0.4797750549877806
close,EXC,pov_5pct_cap,-10.697939778130632,-0.7026446273374254,2.1105692218562453,-0.4797750549877806
close,EXC,toth,-10.697939778130632,-0.7026446273374254,2.1105692218562453,-0.4797750549877806
close,EXC,rl_v4,-2.3433703116767113,7.643583124265309,2.11233010016946,1.3024949545523454
close,EXPE,twap,-17.60442910297279,7.3026772049740964,1.7300626280350524,1.3584981225142516
close,EXPE,ac_ra,-7.945667279326889,16.937424124732825,1.947312962329442,1.3113577635366984
close,EXPE,vwap_following,-24.86681310799369,0.05834990919365491,2.2328998489357037,-0.7609080511885703
close,EXPE,pov_5pct_cap,-24.86681310799369,0.05834990919365491,2.2328998489357037,-0.7609080511885703
close,EXPE,toth,-24.86681310799369,0.05834990919365491,2.2328998489357037,-0.7609080511885703
close,EXPE,rl_v4,-6.175908907516508,18.70278228687052,1.9670785949780936,1.5441652774526655
close,FAST,twap,48.41805161464769,-10.273675323766252,2.896308678055834,0.3188904206899646
close,FAST,ac_ra,26.140791784893363,-32.682320380276025,2.982438010327337,-0.32624975970472403
close,FAST,vwap_following,55.9059586542335,-2.7416066425854577,2.8096711752316743,-0.411394808250195
close,FAST,pov_5pct_cap,55.9059586542335,-2.7416066425854577,2.8096711752316743,-0.411394808250195
close,FAST,toth,55.9059586542335,-2.7416066425854577,2.8096711752316743,-0.411394808250195
close,FAST,rl_v4,19.935684366971184,-38.92402383610304,2.9741657959116994,-0.5007453208932072
close,FB,twap,-2.4260445808099775,3.491946986042777,0.8423087366534643,0.6312866539143466
close,FB,ac_ra,-0.8942333724425519,5.022851889702452,0.8432053898996478,0.30431025304611975
close,FB,vwap_following,-5.793926540926585,0.12605765220996215,0.6641141820810514,-0.8100577463319852
close,FB,pov_5pct_cap,-5.793926540926585,0.12605765220996215,0.6641141820810514,-0.8100577463319852
close,FB,toth,-5.793926540926585,0.12605765220996215,0.6641141820810514,-0.8100577463319852
close,FB,rl_v4,-1.5829798754683972,4.334512887414771,0.9219677815618149,0.50936306742039
close,FISV,twap,-15.39313962201225,9.270438282269367,1.481974940338376,1.5569429390337572
close,FISV,ac_ra,-1.974689867625092,22.655844203403216,1.3168963410061452,0.8580286306852505
close,FISV,vwap_following,-24.768712013985397,-0.08204613333948703,1.3855885615077403,0.7069946331679626
close,FISV,pov_5pct_cap,-24.768712013985397,-0.08204613333948703,1.3855885615077403,0.7069946331679626
close,FISV,toth,-24.768712013985397,-0.08204613333948703,1.3855885615077403,0.7069946331679626
close,FISV,rl_v4,0.7159270668533324,25.33983531306888,1.2740297268282574,0.6139457766876819
close,FOX,twap,-22.475185619385343,20.991785629590957,2.599021728107174,2.081301554915998
close,FOX,ac_ra,-1.0918327471609761,42.282399974925546,2.6045679932127013,1.4794968942746711
close,FOX,vwap_following,-42.131040771133364,1.4211769339260583,2.593931816047445,0.23505332744329777
close,FOX,pov_5pct_cap,-42.131040771133364,1.4211769339260583,2.593931816047445,0.23505332744329777
close,FOX,toth,-42.131040771133364,1.4211769339260583,2.593931816047445,0.23505332744329777
close,FOX,rl_v4,2.7596717467742526,46.11720068740932,2.605567159067531,1.13567749724868
close,FOXA,twap,-9.056680677623183,7.311223180144025,2.502356932744024,1.6973861549129208
close,FOXA,ac_ra,4.509998726275592,20.8557168665235,2.5358146798698518,1.0406838127555957
close,FOXA,vwap_following,-21.132085084704617,-4.744434205346421,2.5417550595362757,0.2870218666265498
close,FOXA,pov_5pct_cap,-21.132085084704617,-4.744434205346421,2.5417550595362757,0.2870218666265498
close,FOXA,toth,-21.132085084704617,-4.744434205346421,2.5417550595362757,0.2870218666265498
close,FOXA,rl_v4,6.952235384032479,23.293959711867554,2.5463530519603625,0.6688817859192936
close,GILD,twap,-3.260001590707888,5.7093580761155,1.5900663254073675,1.1909751519326832
close,GILD,ac_ra,-1.975980275196395,6.992228082054227,1.5902698906005608,0.6918500806614334
close,GILD,vwap_following,-6.872663644318379,2.0999352930336523,1.5894939087320081,0.4856151236429404
close,GILD,pov_5pct_cap,-6.872663644318379,2.0999352930336523,1.5894939087320081,0.4856151236429404
close,GILD,toth,-6.872663644318379,2.0999352930336523,1.5894939087320081,0.4856151236429404
close,GILD,rl_v4,-1.5040165433825234,7.463768630579884,1.5903447919464269,0.8184729800137587
close,GOOG,twap,-23.742979747016864,13.68729785232344,3.279390961312929,2.6081081239175004
close,GOOG,ac_ra,-7.690677375845631,29.67965833002479,3.418295977216903,2.5135816250334178
close,GOOG,vwap_following,-39.88105066813556,-2.390510901687037,4.327229564092087,0.38956418526167624
close,GOOG,pov_5pct_cap,-39.88105066813556,-2.390510901687037,4.327229564092087,0.38956418526167624
close,GOOG,toth,-39.88105066813556,-2.390510901687037,4.327229564092087,0.38956418526167624
close,GOOG,rl_v4,-4.170524620577286,33.1866662655299,3.62111053567194,2.520413811239996
close,GOOGL,twap,-27.20381309961998,13.10766184318345,2.7538828653501426,2.3696899857360982
close,GOOGL,ac_ra,-10.600138076921345,29.644586589123815,2.6984424583138966,2.241939694693502
close,GOOGL,vwap_following,-43.901394032763235,-3.5227912916285824,2.3393569698850056,-0.24023048816756898
close,GOOGL,pov_5pct_cap,-43.901394032763235,-3.5227912916285824,2.3393569698850056,-0.24023048816756898
close,GOOGL,toth,-43.901394032763235,-3.5227912916285824,2.3393569698850056,-0.24023048816756898
close,GOOGL,rl_v4,-6.743989742853228,33.48523239329008,2.834628663019607,2.2897130033180857
close,IDXX,twap,31.162511107619967,-2.1369500741772898,4.695734531719894,1.4710912531984461
close,IDXX,ac_ra,21.13940724478606,-12.193534667173914,5.488984759873871,1.2525785030633205
close,IDXX,vwap_following,34.95185824055185,1.665054825309416,3.864631470828871,0.3942062917214911
close,IDXX,pov_5pct_cap,34.95635356227953,1.6695651630097799,3.8640052577764097,0.39223094530522973
close,IDXX,toth,34.95185824055185,1.665054825309416,3.864631470828871,0.3942062917214911
close,IDXX,rl_v4,18.080706706390043,-15.262452352750689,5.556341881630234,1.0837185842954384
close,ILMN,twap,10.083725798007597,-1.5410642358498265,3.034270490350992,0.8184333905219623
close,ILMN,ac_ra,4.124111182936715,-7.507613770762011,3.4554732065322407,1.5171253113884826
close,ILMN,vwap_following,8.161664665868422,-3.4653619790355883,2.496192710753991,0.26489723313206937
close,ILMN,pov_5pct_cap,8.161664665868422,-3.4653619790355883,2.496192710753991,0.26489723313206937
close,ILMN,toth,8.161664665868422,-3.4653619790355883,2.496192710753991,0.26489723313206937
close,ILMN,rl_v4,2.807523009210515,-8.82573399547448,3.4914411209203178,1.5727234258839808
close,INCY,twap,-31.31121780881902,4.448629742241473,2.466763374281739,0.37318699769059016
close,INCY,ac_ra,-22.550477021882664,13.178140040144745,2.9854237608889362,2.9416793375994557
close,INCY,vwap_following,-34.34407931657946,1.426579848516935,2.0455096797541654,3.6149383390185843
close,INCY,pov_5pct_cap,-34.34407931657946,1.426579848516935,2.0455096797541654,3.6149383390185843
close,INCY,toth,-34.34407931657946,1.426579848516935,2.0455096797541654,3.6149383390185843
close,INCY,rl_v4,-19.699694456568896,16.018760070599075,3.107430727962298,2.9822677958519535
close,INTC,twap,-3.123791915280107,7.498020778303537,1.680148518220371,1.0914646768916838
close,INTC,ac_ra,2.902260694177834,13.517674626391445,1.6811608006492784,0.5182092388716463
close,INTC,vwap_following,-9.419278931000717,1.2092186227612958,1.6790916395674944,1.3227045516906497
close,INTC,pov_5pct_cap,-9.419278931000717,1.2092186227612958,1.6790916395674944,1.3227045516906497
close,INTC,toth,-9.419278931000717,1.2092186227612958,1.6790916395674944,1.3227045516906497
close,INTC,rl_v4,3.2913690226152625,13.906369780317775,1.6812261438907197,0.48803102111227364
close,INTU,twap,-34.689089124807,27.03077123546661,1.8257271557274939,2.40748195434021
close,INTU,ac_ra,-7.888268355781244,53.6667495364584,2.023712253559369,1.76978066732828
close,INTU,vwap_following,-54.71927915068207,7.123779897703031,1.7080452108763542,1.6502996877646041
close,INTU,pov_5pct_cap,-54.71927915068207,7.123779897703031,1.7080452108763542,1.6502996877646041
close,INTU,toth,-54.71927915068207,7.123779897703031,1.7080452108763542,1.6502996877646041
close,INTU,rl_v4,-1.547006869476884,59.969008142856204,2.1263809116358017,1.376316441559918
close,ISRG,twap,13.772844691100753,6.201387131547059,5.017223381800914,2.410128575305498
close,ISRG,ac_ra,12.374831258435108,4.802313739077927,5.101663924476036,1.658137892828657
close,ISRG,vwap_following,10.438428078596653,2.8644423977139715,3.872785851871747,0.06529325815380083
close,ISRG,pov_5pct_cap,10.436661500259575,2.862674479974865,3.872535316620576,0.06473426255153258
close,ISRG,toth,10.438428078596653,2.8644423977139715,3.872785851871747,0.06529325815380083
close,ISRG,rl_v4,10.746512674367743,3.172760580144502,4.66325511039457,1.247403905083604
close,JD,twap,-6.819508544344607,23.385532809500464,2.4926988467334654,2.073533158086621
close,JD,ac_ra,0.9589622053139195,31.140524667542877,2.494629058959508,1.3127345155502776
close,JD,vwap_following,-25.21766246725649,5.042912715254266,2.4881377499115556,-0.061164930218297275
close,JD,pov_5pct_cap,-25.21766246725649,5.042912715254266,2.4881377499115556,-0.061164930218297275
close,JD,toth,-25.21766246725649,5.042912715254266,2.4881377499115556,-0.061164930218297275
close,JD,rl_v4,1.4299613321731464,31.610102109111164,2.4947453969722564,1.1961907744184612
close,KHC,twap,-8.993379622153645,2.1081153677610156,3.2260322151394574,1.721788067229482
close,KHC,ac_ra,-7.21653479735263,3.8829894015771402,3.226604760344082,2.0245223333968023
close,KHC,vwap_following,-9.922493137413317,1.180032380611765,3.2257335150114557,-2.988047914313211
close,KHC,pov_5pct_cap,-9.922493137413317,1.180032380611765,3.2257335150114557,-2.988047914313211
close,KHC,toth,-9.922493137413317,1.180032380611765,3.2257335150114557,-2.988047914313211
close,KHC,rl_v4,-5.659615695141686,5.438181643857487,3.227106585906868,2.2177018994250526
close,KLAC,twap,-18.561465522075835,7.8169204940890165,2.464331983395541,0.18493471134013095
close,KLAC,ac_ra,-7.386803568425731,18.962160105257322,2.621776329976672,1.8061997317260687
close,KLAC,vwap_following,-25.05038433484649,1.3450866895662887,1.6713522165370338,-0.042136478389787735
close,KLAC,pov_5pct_cap,-25.05038433484649,1.3450866895662887,1.6713522165370338,-0.042136478389787735
close,KLAC,toth,-25.05038433484649,1.3450866895662887,1.6713522165370338,-0.042136478389787735
close,KLAC,rl_v4,-4.566515177013758,21.77502281423758,2.6319321830925624,1.7940535621655902
close,LBTYA,twap,21.37184626267521,-3.913285233390386,4.724858143804954,1.8128168262495195
close,LBTYA,ac_ra,14.934213628862702,-10.367230368797445,4.721815715255447,1.0811190530340098
close,LBTYA,vwap_following,24.61777882574921,-0.6591277088867976,4.726393551302879,1.7990340937859421
close,LBTYA,pov_5pct_cap,24.61777882574921,-0.6591277088867976,4.726393551302879,1.7990340937859421
close,LBTYA,toth,24.61777882574921,-0.6591277088867976,4.726393551302879,1.7990340937859421
close,LBTYA,rl_v4,11.424663994337019,-13.885672951595557,4.720156629693795,1.1324077159077655
close,LBTYK,twap,21.89213042412342,0.8551989625173626,4.912719488605325,1.8032156197296918
close,LBTYK,ac_ra,13.367001716107056,-7.687903348378035,4.908530492086184,1.2731753111641366
close,LBTYK,vwap_following,24.930129933808516,3.8996035129477598,4.914213135484054,2.9044186281060838
close,LBTYK,pov_5pct_cap,24.930129933808516,3.8996035129477598,4.914213135484054,2.9044186281060838
close,LBTYK,toth,24.930129933808516,3.8996035129477598,4.914213135484054,2.9044186281060838
close,LBTYK,rl_v4,9.378278989947267,-11.685035533295572,4.906570076500018,1.4256111131308518
close,LRCX,twap,-17.957011359184126,18.986956675722567,2.236194582711587,2.086649106829376
close,LRCX,ac_ra,-0.5155372764077576,36.364110532302604,2.3068632126955304,1.4063635733007873
close,LRCX,vwap_following,-34.026504765633646,2.9767239398939984,1.9860887882161409,3.973649091157881
close,LRCX,pov_5pct_cap,-34.026504765633646,2.9767239398939984,1.9860887882161409,3.973649091157881
close,LRCX,toth,-34.026504765633646,2.9767239398939984,1.9860887882161409,3.973649091157881
close,LRCX,rl_v4,2.318155111634523,39.187352901355396,2.6018235564384278,1.2446892857982537
close,LULU,twap,22.862428509488907,-2.2314616834277614,2.841808352041358,0.9708689006308291
close,LULU,ac_ra,16.675944087707276,-8.433505974926332,2.882462882944246,0.3192092242103807
close,LULU,vwap_following,25.53965271612107,0.452496114856482,2.507759695311277,0.8821210478740362
close,LULU,pov_5pct_cap,25.53965271612107,0.452496114856482,2.507759695311277,0.8821210478740362
close,LULU,toth,25.53965271612107,0.452496114856482,2.507759695311277,0.8821210478740362
close,LULU,rl_v4,13.591270414798018,-11.525938031627968,2.982374923757107,0.21025021605919894
close,MAR,twap,3.941174513393696,1.6127363208626544,1.4207538400316193,0.7813781535674097
close,MAR,ac_ra,4.437198469473924,2.108875818592238,1.9109957636712436,0.6168493136504924
close,MAR,vwap_following,1.6802528697369061,-0.6487119719863141,1.2591583650170726,-1.7744267144403743
close,MAR,pov_5pct_cap,1.6802528697369061,-0.6487119719863141,1.2591583650170726,-1.7744267144403743
close,MAR,toth,1.6802528697369061,-0.6487119719863141,1.2591583650170726,-1.7744267144403743
close,MAR,rl_v4,3.986824155710547,1.6583965966073895,1.9744636997086689,0.6070934372854302
close,MCHP,twap,3.7140241669728664,6.878169863165363,3.0839433512136014,1.709204583087883
close,MCHP,ac_ra,6.337513731238069,9.500829008689662,3.464267427371813,1.3467945944051862
close,MCHP,vwap_following,1.4462651043574906,4.61112861915735,3.175549745555431,1.0067397212135765
close,MCHP,pov_5pct_cap,1.4462651043574906,4.61112861915735,3.175549745555431,1.0067397212135765
close,MCHP,toth,1.4462651043574906,4.61112861915735,3.175549745555431,1.0067397212135765
close,MCHP,rl_v4,6.114793116075218,9.278178891757616,3.5841051612440684,1.3053801955245825
close,MDLZ,twap,-4.013625215734827,7.32494594758704,1.8158027317805046,0.9994337684105663
close,MDLZ,ac_ra,-0.8941774911424164,10.440858083230792,1.8163682440092854,1.0276517180889118
close,MDLZ,vwap_following,-11.211009174309803,0.135719519905302,1.8144985548040822,0.035003041514032995
close,MDLZ,pov_5pct_cap,-11.211009174309803,0.135719519905302,1.8144985548040822,0.035003041514032995
close,MDLZ,toth,-11.211009174309803,0.135719519905302,1.8144985548040822,0.035003041514032995
close,MDLZ,rl_v4,-0.4681624125783993,10.866390315362775,1.8164454936223455,1.0171521685031815
close,MELI,twap,9.917788886493275,4.656983960230674,9.286597281096862,4.227089402521658
close,MELI,ac_ra,5.120768927942477,-0.14256212229949067,9.213266548864766,4.481021345009958
close,MELI,vwap_following,8.850173439598477,3.588806304088374,8.571213004039908,-0.1908166064765677
close,MELI,pov_5pct_cap,8.853679370715843,3.5923140814387646,8.570844980507129,-0.1900673714855039
close,MELI,toth,8.850173439598477,3.588806304088374,8.571213004039908,-0.1908166064765677
close,MELI,rl_v4,3.510268961368629,-1.7539101826105925,9.042410638396186,4.541410216665797
close,MNST,twap,11.13454276194245,-5.781088176884185,1.8037263213238561,0.6554857685831558
close,MNST,ac_ra,2.8096260644192346,-14.120102693529565,1.9945535773459058,0.8717795585894258
close,MNST,vwap_following,16.07774898186048,-0.8295108909598504,1.5328052916382644,0.5627371971687503
close,MNST,pov_5pct_cap,16.07774898186048,-0.8295108909598504,1.5328052916382644,0.5627371971687503
close,MNST,toth,16.07774898186048,-0.8295108909598504,1.5328052916382644,0.5627371971687503
close,MNST,rl_v4,0.5735653461678908,-16.359950065833733,1.8822657216373198,1.0289798023482732
close,MSFT,twap,-11.279168294220277,16.012558130107678,0.6203168800702935,0.9991892381684777
close,MSFT,ac_ra,1.405186142248175,28.662333775461637,0.6212798933224052,0.27760649984196434
close,MSFT,vwap_following,-25.70854241158688,1.6225198982223838,0.6304954487554527,-1.875372962632631
close,MSFT,pov_5pct_cap,-25.70854241158688,1.6225198982223838,0.6304954487554527,-1.875372962632631
close,MSFT,toth,-25.70854241158688,1.6225198982223838,0.6304954487554527,-1.875372962632631
close,MSFT,rl_v4,2.039421892368133,29.29484053687897,0.6323245787899628,0.1585603287097924
close,MU,twap,2.351118461137902,14.748764326122307,1.7410571787091977,1.3466156374889926
close,MU,ac_ra,8.699799808515122,21.089572952224053,1.7421614418561924,0.2062802741702881
close,MU,vwap_following,-7.672382278701705,4.73769328990326,1.7393161515750688,-0.6577339320759662
close,MU,pov_5pct_cap,-7.672382278701705,4.73769328990326,1.7393161515750688,-0.6577339320759662
close,MU,toth,-7.672382278701705,4.73769328990326,1.7393161515750688,-0.6577339320759662
close,MU,rl_v4,8.02123770563048,20.411852304440373,1.7420429261076362,0.0027811606182846314
close,MXIM,twap,7.9870904485679555,14.531110673610957,1.7446662401105222,1.1422433904138183
close,MXIM,ac_ra,12.393496200663272,18.934630559903006,1.702491796568415,-0.09121951876129639
close,MXIM,vwap_following,-4.661818776044029,1.8904855373543272,1.633230718573243,0.0705733897915598
close,MXIM,pov_5pct_cap,-4.661818776044029,1.8904855373543272,1.633230718573243,0.0705733897915598
close,MXIM,toth,-4.661818776044029,1.8904855373543272,1.633230718573243,0.0705733897915598
close,MXIM,rl_v4,11.443091755861015,17.984848558843073,1.6646760826038667,-0.4159542563840388
close,NFLX,twap,-15.91124190352303,15.994872548503173,1.9401005390062576,1.7204992967184967
close,NFLX,ac_ra,-0.5912572831362047,31.26605470140642,2.055380861690594,1.2477136210434217
close,NFLX,vwap_following,-24.609328325101224,7.324494253941859,1.695892017781207,0.7363328414340324
close,NFLX,pov_5pct_cap,-24.609328325101224,7.324494253941859,1.695892017781207,0.7363328414340324
close,NFLX,toth,-24.609328325101224,7.324494253941859,1.695892017781207,0.7363328414340324
close,NFLX,rl_v4,1.9941734938371525,33.843249477851664,2.16990996086656,1.0465114862755587
close,NTAP,twap,-19.884952197317464,8.33653196008526,2.325661749072614,1.8450452119860468
close,NTAP,ac_ra,-8.223186309951213,19.96545192728299,2.4416380004164306,1.4675081470968687
close,NTAP,vwap_following,-26.72242307383473,1.518319146603546,1.9751541532525418,2.673463213996474
close,NTAP,pov_5pct_cap,-26.72242307383473,1.518319146603546,1.9751541532525418,2.673463213996474
close,NTAP,toth,-26.72242307383473,1.518319146603546,1.9751541532525418,2.673463213996474
close,NTAP,rl_v4,-5.7306981602074964,22.450919865201314,2.6689473377988593,1.7942325435877464
close,NTES,twap,15.225483055566313,6.0125096954706425,4.9790176790106795,2.654347894429374
close,NTES,ac_ra,21.395027348155764,12.187746640118995,5.495614342296148,1.6154516160965424
close,NTES,vwap_following,9.388943632807221,0.17058488497687704,4.42404435487407,2.549968849804035
close,NTES,pov_5pct_cap,9.385544749581978,0.16718286559462212,4.423956821353029,2.5488508999883885
close,NTES,toth,9.388943632807221,0.17058488497687704,4.42404435487407,2.549968849804035
close,NTES,rl_v4,21.62449480885563,12.417425830948458,5.698815424938031,0.9322340720012244
close,NVDA,twap,5.297436516559463,13.660528859915912,1.2619446591923635,1.108165421695238
close,NVDA,ac_ra,7.863696728238312,16.22464174695043,1.3730784495290935,0.29760267564008497
close,NVDA,vwap_following,-0.31735683528451686,8.050433700438546,1.2407501012562294,-0.0775687497262766
close,NVDA,pov_5pct_cap,-0.31735683528451686,8.050433700438546,1.2407501012562294,-0.0775687497262766
close,NVDA,toth,-0.31735683528451686,8.050433700438546,1.2407501012562294,-0.0775687497262766
close,NVDA,rl_v4,6.743329711457048,15.105212200069872,1.3944933376957473,0.11062765265913445
close,NXPI,twap,1.5257138585713346,3.9198748712710216,2.4297528855727477,1.3199500792298928
close,NXPI,ac_ra,2.4210644341431062,4.815011052788321,2.7991185365111537,1.0667155796981467
close,NXPI,vwap_following,-0.6482284347428631,1.7464531341670575,2.3101308665044047,1.1475898558892876
close,NXPI,pov_5pct_cap,-0.6482284347428631,1.7464531341670575,2.3101308665044047,1.1475898558892876
close,NXPI,toth,-0.6482284347428631,1.7464531341670575,2.3101308665044047,1.1475898558892876
close,NXPI,rl_v4,1.9941695320721198,4.388218371826458,2.9874392680336244,1.2676113849338673
close,ORLY,twap,8.681815095622945,-10.164309238185076,2.930376626133763,1.167360428844485
close,ORLY,ac_ra,3.9863302025583853,-14.868650989820699,3.7793674006917115,1.5887404192419181
close,ORLY,vwap_following,13.914903247708125,-4.921350173359573,1.979748657598261,-1.4884419393937562
close,ORLY,pov_5pct_cap,13.91005997510495,-4.926202581585894,1.979725134442358,-1.4888950974923136
close,ORLY,toth,13.914903247708125,-4.921350173359573,1.979748657598261,-1.4884419393937562
close,ORLY,rl_v4,3.255856059750474,-15.600502989510277,3.960863992109289,1.772667702975919
close,PAYX,twap,-5.257529264687692,9.988913151383327,1.3435336798622304,1.1628140345839226
close,PAYX,ac_ra,2.4444823275382292,17.679188086568157,1.239195253394471,0.46977400993795854
close,PAYX,vwap_following,-15.542561654733246,-0.28044646326153383,1.259149862974727,0.3944133581531557
close,PAYX,pov_5pct_cap,-15.542561654733246,-0.28044646326153383,1.259149862974727,0.3944133581531557
close,PAYX,toth,-15.542561654733246,-0.28044646326153383,1.259149862974727,0.3944133581531557
close,PAYX,rl_v4,3.243891351294662,18.477378936418326,1.3682132783306877,0.3897668509345765
close,PCAR,twap,15.858025871406308,15.321967658051042,2.170410161510233,1.0097934772607955
close,PCAR,ac_ra,16.067036258204112,15.530989266818127,2.1746632367271173,0.08571525135997951
close,PCAR,vwap_following,6.653794685529196,6.117242288123102,1.5475204064454113,0.09675601842205996
close,PCAR,pov_5pct_cap,6.653794685529196,6.117242288123102,1.5475204064454113,0.09675601842205996
close,PCAR,toth,6.653794685529196,6.117242288123102,1.5475204064454113,0.09675601842205996
close,PCAR,rl_v4,14.244822532346756,13.70867770454811,2.139827297508105,-0.33102962902901883
close,PEP,twap,-0.1924493554300499,0.2526241974093073,0.9205458901189763,0.6068190343030095
close,PEP,ac_ra,-2.857203569906111,-2.412011418186614,0.8968688739399251,0.6838372714278083
close,PEP,vwap_following,0.01324550219656038,0.4583099002779919,0.7985979489571382,0.09692954137241215
close,PEP,pov_5pct_cap,0.01324550219656038,0.4583099002779919,0.7985979489571382,0.09692954137241215
close,PEP,toth,0.01324550219656038,0.4583099002779919,0.7985979489571382,0.09692954137241215
close,PEP,rl_v4,-3.282192945175772,-2.8369818786671717,0.9595670988766161,0.8778238366015884
close,PYPL,twap,10.281035894341484,1.861586238800081,0.9488364890969178,0.45898454656407195
close,PYPL,ac_ra,7.8753824277178675,-0.5460947401413185,0.9634174842796772,0.020452743295120212
close,PYPL,vwap_following,7.098892575515348,-1.3232390268922123,0.8623846145259988,-3.8915481970195147
close,PYPL,pov_5pct_cap,7.098892575515348,-1.3232390268922123,0.8623846145259988,-3.8915481970195147
close,PYPL,toth,7.098892575515348,-1.3232390268922123,0.8623846145259988,-3.8915481970195147
close,PYPL,rl_v4,6.571379325201082,-1.8511968714207507,0.9379503147065984,-0.13660317526227947
close,QCOM,twap,21.254217871276513,2.177741456978893,1.2523038208489627,0.43278498870131676
close,QCOM,ac_ra,18.15298896063213,-0.9294161065704714,1.329937748568772,-0.19036359469566833
close,QCOM,vwap_following,15.61872526557197,-3.46852458099088,1.2055678422247993,-2.676758546262552
close,QCOM,pov_5pct_cap,15.61872526557197,-3.46852458099088,1.2055678422247993,-2.676758546262552
close,QCOM,toth,15.61872526557197,-3.46852458099088,1.2055678422247993,-2.676758546262552
close,QCOM,rl_v4,16.38262861903383,-2.7031608652126216,1.3362576591002182,-0.7223527323389097
close,QQQ,twap,-4.757993941432625,2.329914971367311,0.48602123694882365,0.6193314759261965
close,QQQ,ac_ra,1.1335801638020961,8.217315168483895,0.4904165250260553,0.1327520577414138
close,QQQ,vwap_following,-10.467003253675205,-3.3750497714801857,0.47412850545612417,-1.079200791567816
close,QQQ,pov_5pct_cap,-10.467003253675205,-3.3750497714801857,0.47412850545612417,-1.079200791567816
close,QQQ,toth,-10.467003253675205,-3.3750497714801857,0.47412850545612417,-1.079200791567816
close,QQQ,rl_v4,1.6286323348101002,8.712016617895502,0.4960998298244743,0.04820070228868683
close,REGN,twap,-35.759540193929766,17.771105672323614,5.099893586396663,4.6757623684157625
close,REGN,ac_ra,-18.34198727974543,35.09575352504532,5.900799694573512,4.6472389172120225
close,REGN,vwap_following,-51.060994682515336,2.55126899633973,4.4114729465791775,0.6401720701587763
close,REGN,pov_5pct_cap,-51.054738817641514,2.5574914924898597,4.411658109852931,0.6432778352726523
close,REGN,toth,-51.060994682515336,2.55126899633973,4.4114729465791775,0.6401720701587763
close,REGN,rl_v4,-13.206834532376885,40.203515416536185,6.220145852894563,5.01419963273413
close,ROST,twap,8.785058643547712,3.180882788456666,2.2691209625517006,1.063500369235142
close,ROST,ac_ra,8.868859425462697,3.264730575097442,2.5503904399804513,0.6294397133505633
close,ROST,vwap_following,4.716046234914887,-0.8904119713444981,2.0795323546357065,-1.557271067280556
close,ROST,pov_5pct_cap,4.716046234914887,-0.8904119713444981,2.0795323546357065,-1.557271067280556
close,ROST,toth,4.716046234914887,-0.8904119713444981,2.0795323546357065,-1.557271067280556
close,ROST,rl_v4,8.211966683670532,2.6074693753685265,2.5061692301324676,0.43128668487361427
close,SBUX,twap,6.261743173195138,2.8975546459627615,1.0693885477470717,0.5342982434419074
close,SBUX,ac_ra,6.022123657355585,2.65785446709148,1.0693630185987884,0.13731444664603668
close,SBUX,vwap_following,2.0826163629562933,-1.2829789822362445,1.0689416110962167,-2.367491004207652
close,SBUX,pov_5pct_cap,2.0826163629562933,-1.2829789822362445,1.0689416110962167,-2.367491004207652
close,SBUX,toth,2.0826163629562933,-1.2829789822362445,1.0689416110962167,-2.367491004207652
close,SBUX,rl_v4,4.760968310801163,1.3962745782647972,1.077681382995713,0.09652511248065107
close,SGEN,twap,-2.2202164402515967,12.178971471617364,3.56128432124451,0.7853338091285229
close,SGEN,ac_ra,2.4986414920629274,16.89103613997384,3.6347682892163835,1.6238972178191653
close,SGEN,vwap_following,-8.74796223808466,5.660623011210387,3.2114897474326916,5.9017930436253865
close,SGEN,pov_5pct_cap,-8.74796223808466,5.660623011210387,3.2114897474326916,5.9017930436253865
close,SGEN,toth,-8.74796223808466,5.660623011210387,3.2114897474326916,5.9017930436253865
close,SGEN,rl_v4,2.8393276536942595,17.231231850089994,3.5702505661949324,1.4607277136921826
close,SIRI,twap,10.69128919860532,10.645061366592971,13.94248416056835,6.8611565549984155
close,SIRI,ac_ra,12.2926829268281,12.246462505634897,13.944714976085436,6.575819128871951
close,SIRI,vwap_following,8.564459930312443,8.518222255906695,13.93951550370369,7.49902614776818
close,SIRI,pov_5pct_cap,8.564459930312443,8.518222255906695,13.93951550370369,7.49902614776818
close,SIRI,toth,8.564459930312443,8.518222255906695,13.93951550370369,7.49902614776818
close,SIRI,rl_v4,11.746341463426226,11.700118513911784,13.943951281451422,6.478375704558294
close,SNPS,twap,-5.847109759727087,8.640264781385678,2.5982393170232534,1.716950404566058
close,SNPS,ac_ra,2.8427140826872708,17.317506707314568,2.8955602477392945,1.3799436020421556
close,SNPS,vwap_following,-18.99309250751757,-4.486684018185419,2.2996388967984833,-0.0247173707052788
close,SNPS,pov_5pct_cap,-18.99309250751757,-4.486684018185419,2.2996388967984833,-0.0247173707052788
close,SNPS,toth,-18.99309250751757,-4.486684018185419,2.2996388967984833,-0.0247173707052788
close,SNPS,rl_v4,4.361569223646047,18.8341627118025,3.109191548444212,1.2471016903923566
close,SPLK,twap,-10.693486468480547,6.300920586705505,2.9509425718110753,1.8090818171728296
close,SPLK,ac_ra,-3.3302452489007908,13.651661781316939,3.8461032395949024,1.9026306504885768
close,SPLK,vwap_following,-16.074748564356543,0.9287938577900087,2.7180594906102185,1.491051165237522
close,SPLK,pov_5pct_cap,-16.074748564356543,0.9287938577900087,2.7180594906102185,1.491051165237522
close,SPLK,toth,-16.074748564356543,0.9287938577900087,2.7180594906102185,1.491051165237522
close,SPLK,rl_v4,-2.3300231606316255,14.650185867211285,4.048217862699792,2.215536674226534
close,SWKS,twap,10.90242231268497,5.176096697796192,2.8786118502947935,1.4314564947377053
close,SWKS,ac_ra,5.756478981096703,0.02720341533565855,3.3621125844848496,1.5161330086224352
close,SWKS,vwap_following,9.455322236105374,3.7281670601705277,2.2913039605763563,1.6667890643517362
close,SWKS,pov_5pct_cap,9.455322236105374,3.7281670601705277,2.2913039605763563,1.6667890643517362
close,SWKS,toth,9.455322236105374,3.7281670601705277,2.2913039605763563,1.6667890643517362
close,SWKS,rl_v4,3.7103704002191806,-2.0200781127361815,3.4718963178927322,1.5948298205977658
close,TCOM,twap,10.10846322298511,8.952454032104551,2.5786032127536984,1.437872674253801
close,TCOM,ac_ra,10.365580316885483,9.209600879053053,2.5786682544890067,0.6427988447192108
close,TCOM,vwap_following,2.6590235733601912,1.5021523490260986,2.5766816445522025,5.88613322989296
close,TCOM,pov_5pct_cap,2.6590235733601912,1.5021523490260986,2.5766816445522025,5.88613322989296
close,TCOM,toth,2.6590235733601912,1.5021523490260986,2.5766816445522025,5.88613322989296
close,TCOM,rl_v4,8.474043539871447,7.317845217390363,2.5781795387380204,0.4745770444332183
close,TMUS,twap,0.647557480026456,9.30695333911778,1.2401306482114094,0.8120117007288694
close,TMUS,ac_ra,5.016161492962213,13.671774159920139,1.2710642270305876,0.3205608148364513
close,TMUS,vwap_following,-8.305665670548013,0.36148364097148267,1.284214493292379,-1.1358019410816074
close,TMUS,pov_5pct_cap,-8.305665670548013,0.36148364097148267,1.284214493292379,-1.1358019410816074
close,TMUS,toth,-8.305665670548013,0.36148364097148267,1.284214493292379,-1.1358019410816074
close,TMUS,rl_v4,5.14911264256335,13.804610174402182,1.24885850407963,0.12490716991533526
close,TSLA,twap,12.278567925455913,6.667900176479682,3.5015910737618503,1.960677020611813
close,TSLA,ac_ra,8.584600294261401,2.9718574348413056,3.807353933091186,1.5222235092232232
close,TSLA,vwap_following,7.635370279550711,2.022094183969984,3.178652536219004,-2.7139373985110073
close,TSLA,pov_5pct_cap,7.635370279550711,2.022094183969984,3.178652536219004,-2.7139373985110073
close,TSLA,toth,7.635370279550711,2.022094183969984,3.178652536219004,-2.7139373985110073
close,TSLA,rl_v4,4.498813143702588,-1.1162249333355323,3.6820957094906106,1.5705685815278938
close,TTWO,twap,-22.20626662041662,3.009236624512695,2.7947058469821786,0.3063456527645747
close,TTWO,ac_ra,-8.343238139285535,16.837386234629644,2.858493063524019,2.0094711682420145
close,TTWO,vwap_following,-31.47901491501827,-6.240181775603476,2.2810542537583967,-6.509372764657927
close,TTWO,pov_5pct_cap,-31.47901491501827,-6.240181775603476,2.2810542537583967,-6.509372764657927
close,TTWO,toth,-31.47901491501827,-6.240181775603476,2.2810542537583967,-6.509372764657927
close,TTWO,rl_v4,-4.2033375727484135,20.966870963237263,2.9263923788385036,1.8854403618418987
close,TXN,twap,-7.820424948594586,7.476998699462462,0.9893960592093559,1.0011489888913487
close,TXN,ac_ra,-0.49798187494834983,14.7882490748907,1.0212051751343412,0.637563842946057
close,TXN,vwap_following,-16.452669255958607,-1.1420508169684513,0.8617952798616867,-1.621512694023111
close,TXN,pov_5pct_cap,-16.452669255958607,-1.1420508169684513,0.8617952798616867,-1.621512694023111
close,TXN,toth,-16.452669255958607,-1.1420508169684513,0.8617952798616867,-1.621512694023111
close,TXN,rl_v4,0.43888508109725477,15.723683985783621,1.030788540900573,0.5538577628995437
close,UAL,twap,18.32663959503587,-3.3915327405085542,1.6355213747886739,0.4654477554533724
close,UAL,ac_ra,12.536018245535681,-9.194753351460959,1.861108761473978,0.16193978014310603
close,UAL,vwap_following,23.455749012626843,1.7487366177293406,1.2663775060155384,-1.0025260342614775
close,UAL,pov_5pct_cap,23.455749012626843,1.7487366177293406,1.2663775060155384,-1.0025260342614775
close,UAL,toth,23.455749012626843,1.7487366177293406,1.2663775060155384,-1.0025260342614775
close,UAL,rl_v4,10.264226511661242,-11.471488060586669,1.7886462789360058,-0.049803071293311185
close,ULTA,twap,-0.8942240523542684,8.32485295103056,3.6822346173517464,2.049062343793063
close,ULTA,ac_ra,7.0705908305436225,16.282325666310424,3.8008332601346293,1.1753767536711213
close,ULTA,vwap_following,-8.250045957570633,0.975811828317053,4.122830565349832,0.6653204608793153
close,ULTA,pov_5pct_cap,-8.250045957570633,0.975811828317053,4.122830565349832,0.6653204608793153
close,ULTA,toth,-8.250045957570633,0.975811828317053,4.122830565349832,0.6653204608793153
close,ULTA,rl_v4,7.751057024153575,16.962164588988745,4.175503103223097,1.1905795320660402
close,VRSK,twap,7.082571090787802,2.163322394451199,2.978831575317684,1.3854984890747895
close,VRSK,ac_ra,7.093771389458914,2.1745282067328287,3.207461160517168,1.0450472028807885
close,VRSK,vwap_following,5.312177213615,0.3920569992423231,2.131625430381298,-1.6781800395195754
close,VRSK,pov_5pct_cap,5.311803870326788,0.3916834721670945,2.1316252909211193,-1.678615800363496
close,VRSK,toth,5.312177213615,0.3920569992423231,2.131625430381298,-1.6781800395195754
close,VRSK,rl_v4,6.904112998573371,1.9847764520424962,3.2779207531435,0.9666966635649051
close,VRSN,twap,-1.7995459120382904,9.519632702360449,2.854887483737738,1.711840609916552
close,VRSN,ac_ra,3.367366523883952,14.680697670086722,3.2663810935398354,1.485578536484661
close,VRSN,vwap_following,-8.496313461132715,2.8304439802240484,3.124753076463176,-0.8662777072008275
close,VRSN,pov_5pct_cap,-8.498794560308182,2.8279656889437614,3.1246587880055103,-0.8670250208390085
close,VRSN,toth,-8.496313461132715,2.8304439802240484,3.124753076463176,-0.8662777072008275
close,VRSN,rl_v4,3.7517496430464004,15.064645777413334,3.2670744190094787,1.3776846719175442
close,VRTX,twap,-24.11346761116358,15.61948085843194,2.807860714283678,2.149046594030563
close,VRTX,ac_ra,-10.425706238804295,29.252987545922647,2.4815466933064534,1.7713476344656618
close,VRTX,vwap_following,-31.763676709055098,7.999595176656,2.9262881638129072,0.0371315553415299
close,VRTX,pov_5pct_cap,-31.763676709055098,7.999595176656,2.9262881638129072,0.0371315553415299
close,VRTX,toth,-31.763676709055098,7.999595176656,2.9262881638129072,0.0371315553415299
close,VRTX,rl_v4,-7.014636852432637,32.65053635068948,2.4643623247332314,1.8486618748299344
close,WBA,twap,7.4978426512445315,-2.402979923048507,1.8372506769910024,0.8574250076418981
close,WBA,ac_ra,8.039107683832302,-1.8611785914468426,1.8373502504551105,0.4030390140433792
close,WBA,vwap_following,7.588910309373288,-2.311822032792582,1.8372672592187154,-1.3699409953449257
close,WBA,pov_5pct_cap,7.588910309373288,-2.311822032792582,1.8372672592187154,-1.3699409953449257
close,WBA,toth,7.588910309373288,-2.311822032792582,1.8372672592187154,-1.3699409953449257
close,WBA,rl_v4,7.8114385385156275,-2.089073317081432,1.837308422781695,0.2032432474071743
close,WDAY,twap,-6.288783936807117,1.898166317866601,3.5525464591802116,2.0856840888328847
close,WDAY,ac_ra,-1.1852956610519196,6.997479019086513,3.835441683507182,2.1035588210289364
close,WDAY,vwap_following,-8.05827602397157,0.13012199460407603,3.2872686241171287,1.168916339612725
close,WDAY,pov_5pct_cap,-8.05827602397157,0.13012199460407603,3.2872686241171287,1.168916339612725
close,WDAY,toth,-8.05827602397157,0.13012199460407603,3.2872686241171287,1.168916339612725
close,WDAY,rl_v4,0.13014058055183972,8.311838996422296,3.9789236284921974,2.1923678900358277
close,WDC,twap,-4.4143906020538495,5.25686097079041,1.712922848128632,1.2722943240018976
close,WDC,ac_ra,5.232745961820735,14.894671663002333,1.8592799460711087,0.5863765994980006
close,WDC,vwap_following,-11.004552129223159,-1.326929857650664,1.519507828975235,-0.23440837026277364
close,WDC,pov_5pct_cap,-11.004552129223159,-1.326929857650664,1.519507828975235,-0.23440837026277364
close,WDC,toth,-11.004552129223159,-1.326929857650664,1.519507828975235,-0.23440837026277364
close,WDC,rl_v4,6.990748898680397,16.65097514120261,2.2636612965439387,0.47530674164460424
close,WLTW,twap,-2.4755811681984485,4.1557270468153895,3.4104703224431057,1.87227437158768
close,WLTW,ac_ra,1.02036530572382,7.649355824644961,4.111063226440178,2.1025686782738364
close,WLTW,vwap_following,-7.107687048252524,-0.47330790129529354,3.2577196906604997,0.518297967111491
close,WLTW,pov_5pct_cap,-7.108419613206155,-0.4740399805827557,3.257719511951269,0.5187130336262867
close,WLTW,toth,-7.107687048252524,-0.47330790129529354,3.2577196906604997,0.518297967111491
close,WLTW,rl_v4,1.8974409064266191,8.525849953432239,4.210517716500869,2.103890627844418
close,XEL,twap,6.129002674815998,-0.370188401988813,1.5292888458354614,0.5606928191763565
close,XEL,ac_ra,0.9766908674113493,-5.5258508488936675,1.5285006417878648,0.6311520878152967
close,XEL,vwap_following,6.006113870845984,-0.4931571227216538,1.5292700522325628,-1.8017782038700605
close,XEL,pov_5pct_cap,6.006113870845984,-0.4931571227216538,1.5292700522325628,-1.8017782038700605
close,XEL,toth,6.006113870845984,-0.4931571227216538,1.5292700522325628,-1.8017782038700605
close,XEL,rl_v4,-0.2823079862478189,-6.785668451775995,1.5250975050585027,0.7849958112510166
close,XLNX,twap,10.526274852947877,4.77583639731267,1.3947565770539032,0.8810422088022939
close,XLNX,ac_ra,10.006125127608453,4.2553872478929,1.3874349248790963,0.04564684407430262
close,XLNX,vwap_following,6.6592776238394995,0.9066131320600541,1.0938968681356274,0.5765721569595539
close,XLNX,pov_5pct_cap,6.6592776238394995,0.9066131320600541,1.0938968681356274,0.5765721569595539
close,XLNX,toth,6.6592776238394995,0.9066131320600541,1.0938968681356274,0.5765721569595539
close,XLNX,rl_v4,8.466968061831547,2.715344166673759,1.4353238157167312,-0.10276429081445013
